-- phpMyAdmin SQL Dump
-- version 4.0.10deb1
-- http://www.phpmyadmin.net
--
-- Host: localhost
-- Generation Time: Mar 28, 2017 at 06:04 PM
-- Server version: 5.6.33-0ubuntu0.14.04.1
-- PHP Version: 5.5.9-1ubuntu4.20

SET SQL_MODE = "NO_AUTO_VALUE_ON_ZERO";
SET time_zone = "+00:00";


/*!40101 SET @OLD_CHARACTER_SET_CLIENT=@@CHARACTER_SET_CLIENT */;
/*!40101 SET @OLD_CHARACTER_SET_RESULTS=@@CHARACTER_SET_RESULTS */;
/*!40101 SET @OLD_COLLATION_CONNECTION=@@COLLATION_CONNECTION */;
/*!40101 SET NAMES utf8 */;

--
-- Database: `sparxmgnt_CSS5811`
--

-- --------------------------------------------------------

--
-- Table structure for table `ld_adminlevel`
--

DROP TABLE IF EXISTS `ld_adminlevel`;
CREATE TABLE IF NOT EXISTS `ld_adminlevel` (
  `id` int(5) NOT NULL AUTO_INCREMENT,
  `name` varchar(250) NOT NULL,
  `status` enum('0','1') NOT NULL DEFAULT '0',
  PRIMARY KEY (`id`)
) ENGINE=InnoDB  DEFAULT CHARSET=utf8 AUTO_INCREMENT=22 ;

--
-- Dumping data for table `ld_adminlevel`
--

INSERT INTO `ld_adminlevel` (`id`, `name`, `status`) VALUES
(-1, 'admin', '1'),
(18, 'TEST1', '1'),
(19, 'TEST12', '1'),
(21, 'Rajesh Yadav', '1');

-- --------------------------------------------------------

--
-- Table structure for table `ld_adminlogin`
--

DROP TABLE IF EXISTS `ld_adminlogin`;
CREATE TABLE IF NOT EXISTS `ld_adminlogin` (
  `id` int(10) NOT NULL AUTO_INCREMENT,
  `role_id` int(10) unsigned NOT NULL,
  `first_name` varchar(50) NOT NULL,
  `last_name` varchar(50) NOT NULL,
  `username` varchar(50) NOT NULL,
  `password` varchar(250) NOT NULL,
  `emailId` varchar(100) NOT NULL,
  `mobile` varchar(20) NOT NULL,
  `userImage` varchar(255) NOT NULL,
  `about` text NOT NULL,
  `hash` varchar(250) NOT NULL,
  `adminLevelId` int(5) NOT NULL DEFAULT '0',
  `lastLogin` datetime NOT NULL DEFAULT '0000-00-00 00:00:00',
  `addDate` datetime NOT NULL DEFAULT '0000-00-00 00:00:00',
  `addedBy` tinyint(2) NOT NULL DEFAULT '0',
  `modDate` datetime NOT NULL DEFAULT '0000-00-00 00:00:00',
  `modBy` tinyint(2) NOT NULL DEFAULT '0',
  `status` enum('0','1') NOT NULL DEFAULT '0',
  `deleted_at` datetime DEFAULT NULL,
  PRIMARY KEY (`id`)
) ENGINE=InnoDB  DEFAULT CHARSET=utf8 AUTO_INCREMENT=31 ;

--
-- Dumping data for table `ld_adminlogin`
--

INSERT INTO `ld_adminlogin` (`id`, `role_id`, `first_name`, `last_name`, `username`, `password`, `emailId`, `mobile`, `userImage`, `about`, `hash`, `adminLevelId`, `lastLogin`, `addDate`, `addedBy`, `modDate`, `modBy`, `status`, `deleted_at`) VALUES
(1, 1, 'Sean.', 'Rock', 'admin', '2a997a5eab038193212aa1e568d1951f:d4', 'corephp0@gmail.com', '1245689', '', '', '49cd34e20ae837c9f975e0db3e88d16d', -1, '2017-03-28 11:46:29', '2013-08-06 13:41:09', 1, '2017-03-06 06:23:50', 1, '1', NULL),
(24, 19, 'Alex', 'Sparx', 'rakesh', 'bc8a0029aab0651f561960ce4f78b8ac:d4', 'rakesh.kumar@sparxitsolutions.com', '', 'avatar_d474a47aedf69abdb90077266537561e.png', '', '3a344767649e8b800c52d28562b6079b', 0, '2017-02-27 10:40:46', '2017-02-02 05:00:31', 0, '2017-02-27 10:23:38', 1, '1', NULL),
(25, 1, 'Sean', 'Rock', 'seanrock', '31e5018db37beb8da963c61c495a3a1b:d4', 'sean@sparxitsolutions.com', '', '', '', 'd7234d6b623c671c606ab62fa99060f5', 0, '2017-02-02 07:24:30', '2017-02-02 06:43:00', 0, '2017-02-02 07:24:12', 24, '0', NULL),
(26, 19, 'Amit', 'Kumar', 'amitk', '4832735d833b71a73c62b1e29abc434a:d4', 'amit@sparxitsolutions.com', '', '', '', 'd59437a69dc5981f32288059fd52912d', 0, '0000-00-00 00:00:00', '2017-02-02 06:45:45', 24, '2017-02-02 06:46:10', 24, '0', NULL),
(27, 19, ' Sean ', 'Test', 'seantest', '2a997a5eab038193212aa1e568d1951f:d4', 'testsean@sparxitsolutions.com', '', '', '', 'f898e029c7caac4a0de53cb05cfd1899', 0, '0000-00-00 00:00:00', '2017-02-03 10:39:57', 1, '2017-03-01 07:50:25', 1, '0', NULL),
(30, 19, ' test ', 'test', 'test@123', '384f360ae8560c998df375ad3f536286:d4', 'test@sparxitsolutions.com', '', '', '', '4b0efd653811abb7ed9fe9615af38c07', 0, '0000-00-00 00:00:00', '2017-03-01 07:52:12', 1, '0000-00-00 00:00:00', 0, '1', NULL);

-- --------------------------------------------------------

--
-- Table structure for table `ld_adminpermission`
--

DROP TABLE IF EXISTS `ld_adminpermission`;
CREATE TABLE IF NOT EXISTS `ld_adminpermission` (
  `adminLevelId` int(11) NOT NULL DEFAULT '0',
  `menuid` int(5) NOT NULL DEFAULT '0',
  `add_record` enum('0','1') DEFAULT '0',
  `edit_record` enum('0','1') DEFAULT '0',
  `delete_record` enum('0','1') DEFAULT '0'
) ENGINE=InnoDB DEFAULT CHARSET=utf8;

--
-- Dumping data for table `ld_adminpermission`
--

INSERT INTO `ld_adminpermission` (`adminLevelId`, `menuid`, `add_record`, `edit_record`, `delete_record`) VALUES
(-1, 42, '1', '1', '1'),
(-1, 20, '1', '1', '1'),
(-1, 19, NULL, NULL, NULL),
(-1, 41, '1', '1', '1'),
(-1, 40, '1', '1', '1'),
(-1, 39, '1', '1', '1'),
(-1, 35, '1', '1', '1'),
(-1, 34, '1', '1', '1'),
(-1, 33, '1', '1', '1'),
(-1, 32, '1', '1', '1'),
(-1, 30, '1', '1', '1'),
(-1, 29, '1', '1', '1'),
(-1, 28, '1', '1', '1'),
(-1, 27, '1', '1', '1'),
(-1, 18, '1', '1', '1'),
(-1, 16, '1', '1', '1'),
(-1, 15, '1', '1', '1'),
(-1, 14, '1', '1', '1'),
(-1, 12, '1', '1', '1'),
(-1, 9, '1', '1', '1'),
(-1, 8, '1', '1', '1'),
(-1, 7, '1', '1', '1'),
(-1, 6, NULL, NULL, NULL),
(-1, 5, '1', '1', '1'),
(-1, 4, '1', '1', '1'),
(-1, 2, NULL, NULL, NULL),
(-1, 1, NULL, NULL, NULL),
(-1, 43, '1', '1', '1'),
(-1, 44, '1', '1', '1'),
(-1, 45, '1', '1', '1'),
(-1, 46, '1', '1', '1'),
(-1, 46, '1', '1', '1'),
(16, 44, '1', '1', '1'),
(16, 45, '1', '1', '1'),
(19, 1, NULL, NULL, NULL),
(19, 2, NULL, NULL, NULL),
(19, 4, '1', '1', '1'),
(19, 5, '1', '1', '1'),
(19, 44, NULL, NULL, NULL),
(19, 45, '1', '1', '1'),
(19, 46, '1', '1', '1'),
(18, 1, NULL, NULL, NULL),
(18, 2, NULL, NULL, NULL),
(18, 4, '1', '1', '1'),
(18, 5, '1', '1', '1'),
(18, 44, NULL, NULL, NULL),
(18, 45, '1', '1', '1'),
(18, 46, '1', '1', '1'),
(-1, 47, '1', '1', '1'),
(-1, 48, '1', '1', '1'),
(-1, 49, '1', '1', '1'),
(-1, 50, '1', '1', '1'),
(21, 1, NULL, NULL, NULL),
(21, 2, NULL, NULL, NULL),
(21, 4, '1', '1', '1'),
(21, 5, '1', '1', '1'),
(-1, 51, '1', '1', '1'),
(-1, 52, '1', '1', '1'),
(-1, 53, '1', '1', '1'),
(-1, 54, '1', '1', '1'),
(-1, 55, '1', '1', '1'),
(-1, 56, '1', '1', '1'),
(-1, 57, '1', '1', '1'),
(-1, 58, '1', '1', '1'),
(-1, 59, '1', '1', '1'),
(-1, 60, '1', '1', '1'),
(-1, 60, '1', '1', '1'),
(-1, 61, '1', '1', '1'),
(-1, 62, '1', '1', '1'),
(-1, 63, '1', '1', '1'),
(-1, 64, '1', '1', '1'),
(-1, 65, '1', '1', '1'),
(-1, 66, '1', '1', '1'),
(-1, 67, '1', '1', '1'),
(-1, 68, '1', '1', '1');

-- --------------------------------------------------------

--
-- Table structure for table `ld_department`
--

DROP TABLE IF EXISTS `ld_department`;
CREATE TABLE IF NOT EXISTS `ld_department` (
  `id` int(11) NOT NULL AUTO_INCREMENT,
  `name` varchar(255) NOT NULL,
  `description` text NOT NULL,
  `status` enum('inactive','active') NOT NULL,
  `created_at` datetime NOT NULL,
  `added_by` int(10) unsigned NOT NULL,
  `updated_at` datetime NOT NULL,
  `deleted_at` timestamp NULL DEFAULT NULL,
  PRIMARY KEY (`id`)
) ENGINE=InnoDB  DEFAULT CHARSET=utf8 AUTO_INCREMENT=4 ;

--
-- Dumping data for table `ld_department`
--

INSERT INTO `ld_department` (`id`, `name`, `description`, `status`, `created_at`, `added_by`, `updated_at`, `deleted_at`) VALUES
(1, 'Department A', 'test', 'active', '2017-03-01 07:28:40', 1, '2017-03-01 07:28:40', NULL),
(2, 'Department B', '  gd fgdf', 'active', '2017-03-01 07:29:17', 1, '2017-03-01 07:29:17', NULL),
(3, 'test dept', '  test desc', 'active', '2017-03-16 07:34:37', 1, '2017-03-16 07:34:37', NULL);

-- --------------------------------------------------------

--
-- Table structure for table `ld_employees`
--

DROP TABLE IF EXISTS `ld_employees`;
CREATE TABLE IF NOT EXISTS `ld_employees` (
  `id` int(11) NOT NULL AUTO_INCREMENT,
  `emp_pic` blob NOT NULL,
  `emp_name` varchar(100) NOT NULL,
  `state` varchar(255) NOT NULL,
  `contract` varchar(100) NOT NULL,
  `category` varchar(100) NOT NULL,
  `status` enum('inactive','active') NOT NULL,
  `created_at` datetime NOT NULL,
  `added_by` int(10) unsigned NOT NULL,
  `updated_at` datetime NOT NULL,
  `deleted_at` timestamp NULL DEFAULT NULL,
  PRIMARY KEY (`id`)
) ENGINE=InnoDB  DEFAULT CHARSET=utf8 AUTO_INCREMENT=6 ;

--
-- Dumping data for table `ld_employees`
--

INSERT INTO `ld_employees` (`id`, `emp_pic`, `emp_name`, `state`, `contract`, `category`, `status`, `created_at`, `added_by`, `updated_at`, `deleted_at`) VALUES
(1, 0x646174613a696d6167652f6a70673b6261736536342c2f396a2f34514159525868705a67414153556b714141674141414141414141414141414141502f734142464564574e726551414241415141414141384141442f34514d716148523063446f764c32357a4c6d466b62324a6c4c6d4e7662533934595841764d5334774c7741385033687759574e725a585167596d566e6157343949752b377679496761575139496c63315454424e63454e6c61476c49656e4a6c5533704f56474e3661324d355a43492f5069413865447034625842745a585268494868746247357a4f6e6739496d466b62324a6c4f6d357a4f6d316c64474576496942344f6e68746348527250534a425a4739695a53425954564167513239795a5341314c6a5574597a41794d5341334f5334784e5451354d544573494449774d544d764d5441764d6a6b744d5445364e4463364d54596749434167494341674943492b494478795a475936556b5247494868746247357a4f6e4a6b5a6a30696148523063446f764c336433647935334d793576636d63764d546b354f5338774d6938794d6931795a47597463336c75644746344c57357a4979492b494478795a4759365247567a59334a706348527062323467636d526d4f6d46696233563050534969494868746247357a4f6e6874634430696148523063446f764c32357a4c6d466b62324a6c4c6d4e7662533934595841764d5334774c79496765473173626e4d366547317754553039496d6830644841364c793975637935685a4739695a53356a62323076654746774c7a45754d43397462533869494868746247357a4f6e4e30556d566d50534a6f644852774f693876626e4d7559575276596d5575593239744c336868634338784c6a41766331523563475576556d567a62335679593256535a57596a496942346258413651334a6c59585276636c527662327739496b466b62324a6c4946426f6233527663326876634342445179416f56326c755a47393363796b69494868746345314e4f6b6c7563335268626d4e6c53555139496e687463433570615751364e7a6c474e554d78516b52464e4446434d5446464e446b79516b524652446b784e7a673452555577516a4969494868746345314e4f6b5276593356745a57353053555139496e68746343356b615751364e7a6c474e554d78516b56464e4446434d5446464e446b79516b524652446b784e7a673452555577516a49695069413865473177545530365247567961585a6c5a455a7962323067633352535a5759366157357a644746755932564a52443069654731774c6d6c705a446f334f555931517a4643516b55304d5549784d5555304f544a43524556454f5445334f446846525442434d694967633352535a5759365a47396a6457316c626e524a52443069654731774c6d52705a446f334f555931517a4643513055304d5549784d5555304f544a43524556454f5445334f446846525442434d694976506941384c334a6b5a6a70455a584e6a636d6c7764476c76626a3467504339795a475936556b5247506941384c336736654731776257563059543467504439346347466a61325630494756755a4430696369492f50762f75414135425a4739695a51426b774141414141482f327743454141594542415146424159464251594a4267554743517349426759494377774b4367734b436777514441774d4441774d4541774f44784150446777544578515545784d634778736248423866487838664878386648783842427763484451774e4742415147426f564552556148783866487838664878386648783866487838664878386648783866487838664878386648783866487838664878386648783866487838664878386648783866482f2f41414245494151514256774d4245514143455145444551482f7841433141414142425145424151414141414141414141414141414641674d45426763424341414241414546415145414141414141414141414141414141494141514d45425159484541414341514d434177554642416347424155434277414241674d414551516842544553426b46525953495463594579464165526f55496a73634653596e497a466447436b6b4d6b467546544e416a7738614a6a46374c43306f4f6a5246523052524541416749424177494542414d4841775144414141414141455241674d68456751784255465249684e68635449477355495567614852556d496a4666435277654878636953694d30502f3267414d41774541416845444551412f414d4b583452335559416f306848313651686172656b49574f366b4956627670434f3068456e427854504f6f374271522b69687661433377384c795867766579594b526f437738617a62336c6e65594d507430674d73794165554157464d5344526d41376146734b424c5a41346b2b2b6d43326a625a493736513671492b61413761634c616447574b5966594c584b462b4f744962594f4a6b6739744962617954444d47594148374b514c54524a793335636675303139394f417570577435794446684f3361515453525a784c557a2b5669574a5047704b6f6d795055475a306e4b5261724e45632f7742317436474e346b6c774b7349346839512f733048725a61433269366e39564e6b634974634846757947736246686950485476746573797a6c6e64565556676b35626375765a3230496455437064775545692b6f704536786b57546365343035497359312f5542632b616d6b64597a6a62674e6461517662596a2b6f6f4f4c55346673735a6665496c3479443761512f734d6a767630412f7a4c2b796c444458475979335553446753665a5477462b6e4864743333356e4b45576f4a2b47394d3052354d454976474170394d4873706a4f7335424f3573424a39756c496c786f6f585538684f554233436a71572b6c4376544d5168396c574b6f6f356e6f7748652b516643724b4f43357a6e49796643542f41473035534a4b634237614a434a2b33342f7144496b493873554c6b65307161473769433378634f37632f4b722f414870626c464755547449523354536b496458683430684368787043465846726d6b492b7653455750707243357772456174356a2b717175657831505a4f502b597566702b6c4550744e56494f6c54474a63705655692f436d4372554853352b7568706f4a3151596250386155427247492f714937394c556f433973512b34714f30556f48574d622f71694438565074445749367537723274545150374c462f31794a42666d76706f4b55412b77773330396b484b496347344e49725a36375178755a30354b52577156447175626c78796e6659556b58634253336269616d6f674d6a413235536561724e446c2b375a4e476659524e765a32564b6a6b79383946344a6e6d44322b492f634b677a32304f68374c6831334d316647694555494862564e48534e366b5063445a47377255784a52616c45334264306d7a436d4b684b6a67523230364e54473670616e79624c31432f5942373665554637324d554f6e4f6f572f4862376155672b2f51372f744866582b4b546a2f4654626b4c3956515776512b3673664e4a39782f74703547664d716952463950636f2f484b66634c553234423835456c5070326e3435585076417053794e3834655836655958346d596e2b4b6c4a472b63794c4c306e6959475a484a45784a485954656b783179485a5157374255726a33384b45715836674864474a6c616b574d5a514f70472f316a65414653554c4f5453685863782b574d3161716a4935643471774c43334e4b35486162665a55794f4635446d7a5955674e6b464569416b526b5551764174577a5946746b7a4a69757078355a442f67504c56544a62314a664536546738654f4c65336a73742b4256453469725a7a41756b492b4e495136747258464952326b49554f4836715177754e43386758745967556d533436793061423035694255476e634b7a7374705a336e4178624d51627930756874555a626f796f62356d53514e79726f7a614432556a517731544177794d795834517a4477424970793136554c454f344e6f49332b7730686271696c774e7a622f41436d392b6c4b527663716878646e33567638414b2b2b6c7551337631486c3664335672655561303234543546522b507050636d506d59443241307477443556555350396c5a4a516b7948546a6f4b626352766c6c6c3661327a354a4f546a793970706d564d3254647153733757543736596a6f5566712b5856463853614b7066782f544a554a5874566d694b4f5734447a354f6153336562565056484a643079537954694b545a563475514237394b4e6d465653344e683647323052774b78484141443231527a576c6e6363444673784c7a4c753441554475714b433044647773496d2b36684a38614975305251686978554530345756734e4b597266434b65455657324c44523969306f4747636a4e6a6a3056655a72634b47316b68346a7151787565587a6679534648452b4652652f555736766d5449636e3155754e474845564e56794b446b6a76333038693047575a72386155685142387a7a356742506254453965676268586c782f647770694a39537437683570574e4974597a50656f57766d796546716c6f545a394b4661334a725261477264546e75343239414b777546373375616c527874756f53694a30317041452f44694d303863513475774875767253646f524a687075736b616a746d337175795a49493061435454773543425765376571547531695663577a34475652673861307a7a3056725345647043484534556843774c3068437151696474474f5a63734873585837616a7957684768323744767949306a616f4248414462674b7a6d647a47314a45756234445346587156446573574f624e52582b45476c4a6f595843442b323762684c456741374b467372337661516e4867345148773070497437485051773130434174324c5330514c794d2b56497766355141373644334544376f2f48364a48774369464c506d63446774494a444d7372636d6e4130676b78334258794d7870445849575933356a573742534a4d614d2f7743726e2f31415875426f366f754c536a4b704b64445671706c355831416d54724f742b46366d5279486362656f4e394f5968794d2b4a62584365592b33674b5633434b2f42773738694e3236647778426952693274726d73397557647843716b6b465a4470376461514b4175377942596d4a4f67314a5068326b304b6b6e7878315a576e3637324c624932424d6d564b5038754262442f47396c2b7939533177746d62792b38344b4f4539337949492b724f5957445137474869304a4c546c54592b504a617056786a4c6666664b704e543670343775456e32325848423075736973527066573441705734396f4370333276356b30576a59657175695a724e6d62674d4f5669423657536a494e6633787a4c3737316c3872426e58684b4a58334c466b364f506d58365043326d574142466a5a4a42654f52534744447656686f66645757374e4d6457637969703776746d56675a587152433854483357712f67354b36476a697a71495967735751637773617631744b4a6b354753535478704949474546733065326b796576514e5035635939317159686655725761504d352b2b6b57714763622b3138365832314e6a4a65532f536975376c2f4b7131553576755830413345476774557079466768474c663230675379394a594a794d336e74634c5a465069654e525a72516a5a374e783939397a3844576f4d5a553235342f32304b2b3631716f6f36327a314d4d543452323172486d78326b4937322b464951367437654636516859487570434f396e3661516f4c4c307468383544734e574e372b485a56586b584f6f374a6763626d692f5149456941384b714851326373524f624954544430366c4e7a35532b376f6734446a542b426f3436785574474a63527142516c532b704d51797562524b542b3031744255647369524261795166326a5a517735353941315a2b626b54304b4f624e3542695461384a6f53736169366a51315839316c5a5761636c577a63544978736f6744794531705963366167306365564e445a4445584f683771736f6e51334c384139744f4f69566a6743416e7670445736677a4b735335706961686e5056556c3835683341564a6a4c5633464375532f433157555a6d586f774e4d4c7a72377a5531546a4f3450316c362b6e75326d5759536b66453333436f6339744453374c672f4d62506a52386b41413842396c553064466671444f70656f73485a634d545a4a5a6e653468686a747a746269536543714f38314c536a73796e7975586a77566d7a4b50753254317831426a657074657935302b444a32596d504c49746832467770357548456156637078344f5a356664736d565133746f56504d7874333275532b3662566d37633548383349676c5666667a686630314c745a6c376c2b77556d537a786f3844664d716677685151522f6961394a36446b6b592b444e483657754b3430355141707565797838724477734b517730754c6c5939346c2f4d51614e454f306436384344344837615346456b2f41366833375955544a326e4d79506c322f2f4147366c4751573433696b484b77373941617235754c6a7639534c4f4c6b3370305a6f665358316a327666674e7033754a4d506358386b4d34444c444d3359685674597044324335553968374b784f523236314e61617239357238586d4c4934656a43386b766e5a625741304171786958704f6a7057454e6b6b335041314a4a4969446a707a5a594e4a6b336746386d79346e433136636852577373446c592b33576d52616f5a6a764c337a5a542b38616e7868386c364941376966792f64566d687a6e632f6f494750775873715535466b324f3976384178656b686b74594e503645326b78776f57486d746476346d31716c6d764c673754744f4432386376784c36797279684f7a3461694c386d414a3850443331716e6e42326b493642714f464951366f466839394952333156415061514f61773432704353476e79697353767967686e415948546c572f442b4b686b4a4b41767476567534594d6d5447734d4a686955474e795464657a333371472b4c637a593476647234613755676e692f56484e6a783435647778556b516e6c4b783357513350477830464138434c574c76316e3956554863447250617430675965624579564a445154614564316d34476f4c596d6a58346663384f563959666b7750433372623258754375746a512b423072306f6e3446756a4e6c303432714d7a3257335959385151686e4e3744565233316c636d7a6b796552756b4f376643637879696d3059504143716a304b5753375137754744386736754e45767253546b476c6d77647630754932474735522b36664770384b653474596176635667747a5673313052716f524b62736f703548534a5938754d4f2b6d47657242575152794f6662534a716d593952507a62684c7265787455754d73357670416376776d724e555a6d586f775336732b51714c71573048744a3071617078764e5535445a2f702f744968786b626c2b4651416647315563726c6e5638444437654a4a6c367935347358466b6e6c763655434d386e4b4c6e6c51584e764531476957316f54666b56763658644d50762b357939666276677879506c7566364c6935484d38555563624543655345465249774974477265586978756243726e754b694f4d7a7532664b374d31444f66726a49696b4f4a314a6c525a514145634d5351525244324b49376164313642636879422b6e5342654231483959384c494f4c6d53594f39597a63596379455238792f7653516b4437554e5466715346385a672f66756876706431584b467a64765052765563326b656668636f68647a324e594c43312b3530552f76564c544c5733556974687655796e72763661395a64456c704e356a5463746a4a4378377a6a6a387578344355616d466a66546d387037476f6e5546574b3075596971427a6d53455773725845696a7652682b69676b4f42324762486c44777536326c4e6c6c745963783463336354333068414c4f67525544736c374830792f77414a4c412f793348595462796d6d61485466553150366439517a376e6776673538686c334444554d6b376d37543435387173663330506c6233477157664874636f363774584d39326a712b7453324f44796e74714531534c686f506d4451736d62304a2b344e6141436e49366c627a6d4377743743615262787255797a636d4c5a456837325036617359787556314247342f797a37445669687a7664666f494750384b314b636e41653665323538334e516374306a494c654c646930475330497664763437793545625a302f747778735a62697841315069616f544c6b37534e71676e76626e4874464945382f5238415066577165636971516863536338675876342b796b4a43476c623447587a633269714c6b332b4544394a707043676153626b416b35677a4f537056564a4b7176445530306a6957596b335a43496f764d70303062395a706851635143336f6370444d51365749485a3239744e493848306e5064485a674a497a59382f6d413866476c4938444c51796b3365526743334e596a6a33364476705376456547472b6c4e3258467a306a6d586b77797848714f53536f74636536395135615370523050614f3750472f6179503050786667616641776b524447655a5874796b6343445647326e55366d7a54573546727838563866414463334c7a43353737316c577675735a4e386d36776577386c384c423959477a64673764617035645756577431687a64386f7962654a5a4f4a414e2f476d784c314459367861414a50456a5941596d37573042713552766357614e37674c456741415044767257585130784c672b6f4f2b6b776b53707a79776862396c3653425331425755625937657939496e6f74544b3934666d7a5a6a78383571624753386836416d66534d3931574b6d5a6e66705976706661337a743352677430694f6e69786f723368485063666a504c6e6e775276757762634d62456a533172414531515a30316c434a6d627438323577747430446d4b544b507069636635616b325a2f637437654e50566c546c585663545a6f6d323762676262683432464167544878596c696769485969446c572f66523958716372723445755152736462416e685348535a466d67556c72766472635233647870516770424f5a442b593172416c65586d412f4466676538554d447a497a6a645235573065724356544a32304c6166623562474e6c59575a597931776e6970756837514b73596337576a4b32626a70366d56396166522f62743878354f6f6670764d6a4970507a4f787565526f7044723661686a354c39696e512f684e586f5436464a4e31366d4b356b755a687a79342b52412b4e6b777359387a446c425230594857344f6f4e5276516b576f764833327a723671724b30646736734c695251655a4f5948757454534b4176306676385733645362666b6b636d453251596f79662b525038416c7570396c3150756f4d7574532f32374c37576572383944644a6c4b7177505a63566e7061485a6a4f33782f6d45326f477957787a6470775735427262536e6b4b6c4374377a494578704466514b6630556b577361314d777969544b53652b72574e45484b66714265663841797a3744396c574b6e5064302b675a3272436d79354668684776346d3746423754525774427a6d4442624c614b6d773947644c4c695178757932375676784a37574e55636d52325a326644346c634650366937414b6b5956526f4b424531694e49343531396f704367774750732b385672486e41716b496c77597a4543777565303862653668624456526237484d35445252753168646d4f746765484c656f6e596c726a6b622f7055785143634f6b4a30354f484e59334637557974493770416873494977614d6537694150454769476751635243355646355463457166447870436735365677334d65612b6a44694e4b517a496e71754f44386f75624163442b37345568534d74495a472b506c6b5672684233646f70304a71545276707a76435a47473245387174506a4e7a51722b496f6454396830716e796365703176614f54376d4c613336716d6d484d6b6b6a696a41386774657361324861354c4c775132797a53524a6b5953524d4c4167456e39565a6a546b7a3161474d62794363483055467559414b4f34565068727154635a54597130383077416a357446304e6132504575707155784c71495136315a4a476652707a53692f4147394332456a6d532f4f334b4f3339464d6d456b4464306352347a6e7341503355364a38645a5a6b2b63334e4d3764354a717a6a47354a4547504a6b4f49554632625370706847646b6f3736476f6443644a7269524c4b363250485874506566477175584a4965486a3178716645304949455141652b6f785071464f6c3852703836523962527146422f65622f674b4b714d6e75325345716c6f6647614e787a4e7a47334c66756f6f4d524d5636514f724f51514c616155684565534e59324e6e763448576b4f517369514972534d4464562f77444636467365714b5231626b7448746238696b4533357239686251333765326c69656f737464444738547272652b6d4e2b476474307852313064666a4449654b534b64485275342f63613061746d6661706f323559765348316832747372425a4e72367877597731327531347877446e517a59355042766a695048546a59305a42716a417437326a4f326e63386e62732b467350634d567554497833735344783049305a53504d724451696f6e57436574704755615559757073714f6f51647a454d535237515451526f456e446e7850534730357a5a33542b335a6a47375a4f4c464954653979564150333151746f7a757346393961323830544d647652686151396e4432314179326c4c424d73706b6c4c6e674f487470453672434b3931526b656e684f4f31744252564c474e61795a7a6b4e646961753057686d386930735a6a327a493343555178614b644866753842343065394979755478375a66536a54656a2b6934734f4b4e70493748694650483273652b716d544b3279377865445442582b6f764b496b5342563038616a4a374f524573756c5049454543535838786634682b6d6b534b7568686b6644787258504e456954673437354f62426a7836764b34566661545457634965696c6d786254307673754e69496a5265704952353376784a7175376c7455434d4731625a484345354f59672f45334832554d6b69524333665973444b554571455563563047744e496d704b376c644a597755794b50514637416b613234365770393450746754643972544655336c4442686f31687262774e477245626f56764a574d574151686d3148594342326d6949324373695237464a47424975564336662b644954495572584930425a655059522f3530534569312f54444c535071526f58516338324f776a627549504d667471446b4c51334f78575875746641335459686a79505a794e625772453543634739794a534c6349343051637243316859316e517a4c656f4a33624f7834304f7432417466777166466a625a617755636c546c6b3952797730423456725572434e616c5951704e4c2f5a52444d373843324845386146683051306f4a75783765464d5377563371334e454f47366a346d3048766f716f7359612b4a6e49686c795a776b594c4d326741717a5677515a4b37374767644839464349726b354b336b4f6f3850436f72354a42615646426f6b4543776f4655577477384b6a525774592b6d6e6969696b6b6b594c4847705a3350414b6f7554524a4e674e777066524533705872377065504843525a63664f336d6d447341334d65363953624c4935546b386a3362747a7034466a792b72397568787a6c4f41596c424a59616931754e7851622f416a3251436376366f644b517868327a6f31386f5978574a596738447055696f325232736b42332b736e52626b41534d7a452f47773556303741652b69396c672b386778693954644e6272456f784d2b4e354874614a6a5a2b38584866554e38646b5331756d436337466879306b7835504d4775484a3433377664566457686c68715559563952756d70396f33494f3476424d5438764a324666325462787254342b53555a756648444b6c6762746d37526e77626c74325532486d347a2b706a7a7278567257495a6546694e474841697243494871586e717a724c70763669374e414d7a416c322f7254436a746835474770794d656451526543524648717871392b614d2b626c4f6e413054743567317248517a724768356f356f355342497469757642314e72456577384451456a6570743330747a426c6445594d56377669537a5937413967562b6451666339554d36686e5939717675774c3461466b334b51724773532b36713574555770424b68496a39703861524c4f705265724d37314a2f5355364a716662557445575070704a574d58456c7a63744d6550346e4f7037674f4a717a4d49794c4c637a554f6c2b6c494d574e484b656131317632654a717661306b7969714c6142484576496f6f434a75574d7979675568306948505059616d6b456b445a636a3831546638512f54534a565851787950687739746242356348656a3479323978745948306b642f654259667071504b394358437454536352387745637749513850452b4656486f586c424b6c6a7a3241394a72323148737030784d5a4a334247764f6e6c34337068794a6b35426b4b6747366a3467622f594b635a6c593667796b39566c63416a6c2b466837727252496a5a53386d56677a5276716746313939536f676149475178493562426c41757666374c303478416432424159677266796e7448666569516b487670394a62712f454a466a615652374f54536f732f77424a72396d307a6f326e447a7049484242346666576461715a31393865354d4b2f376b6c4363747236573431422b6e544b76365253524a6378736733632b786579703630534c464d617163424866786f6778794c58323067576a724953514c6532675a4a55626e6230304c48514157704d4e616d636454357a5a6d614959395170735061616c53304c305255745052765355636361354571336b6258576d73796a6c79526f586c496f345673505a51704656326b34386748396c454442447a50536d676b686c484e464d7252794c337177735239686f64304f516e525755506f7a4b4f736473326661796b654442502b544547796370437856547a6374794f3461456d72394d6d354847383769657a6b645630366f30763662624e6e6274306275556537784d7550484971597374794449476a446c6c34324b33413071746c53546b616a6346433669365366435757526362316c5173466b612b6d76634f50734650544b506247675873777938624d6877736a595579546c4b4753614e4141716133352b59386f356261693954747a346b4430384331345744736d637a51727455754c4d70387a70484a465a7532366e3952497147316d574b31526f323037666b775969724d785a67654c487a63766a3331567569564d715031587859386a596f77592b5a456c4a625335476e47702b4b345a58354b6c476639482f537a4c3339684c4e50387074664e5a354c637a7541646553342b2b7247584d6c30494d5747645761357333546536626168327270694e2b6e74726a386d506c7749686c79354547736d544d515a435762674f4148437164736c6e315a6670576c664179763630374c4e446a59653935534b6d37547a76695a63364b452b5a43703669794f716744314937465762744672315a342b527555562b5653756a586953766f7a6c46396f7a59622f7741724b446e2f41504f6a427638412b6d6d3543314e3373646b384e6c2f5558586335415a6834614371317570763478724e6352344c48754643673661324d6e3353637954534f66784d617359305438713370674f394262634a4a587947462b59386f2f6858553057566c4369385454346d4d634f6e467454374f366f41624a794e504b6230684b70456c6d50384178704270454b6555362b46496c716944387730636f5a51474f71324f756a446c4a396f767054727148616b71444b5547677258504b6979394478502f41464b624b3565614f43507a48784a476e32436f737a304a384b314e576a3354615878466c5a7774676f4b36584259322f545656325263564763793933773861574b484858356833424e31344141327653336f4c594d793545633663325249496b746f74396166714339434c4c6934764b54464b724e613441494a74535979636c57336648576536763567546f7748364b626348736b7157343752484661534a323856625731535673525878674f53422b57393956346b64312b34314b514e4133496c6a357943397238614b526b6d57446f484761587153466c482f4145794d392f64623964525a3346545a374a54646e54386a55375a42314655494f3054517449736d6e486c443863655462556d314d52754230525a46754a70444f435a743855676338312b4e49477a524b5a314574764768594b594c366d79784268534d4e4c4b61654e53626a36324b4a303569484e33554d336d73626e326d7043356d746f612f687173474d6f41344331415939334c457954473949645649377a554c596152446d6c4f6f6f5357745135746e536550754778775a6551766e6b6b6b634857786a4e6b436b634776793844553947344f5737726c56737a2f705546316a7749647436666a776870794c643738537a616b30566c6f5a39666743346470773531354a31415678634d4c582b326f716f6b755232364d6957566f784b796f2f772b525466687063397447417266414e626630396a596c794c71357358646a7154336d6c414672534d37764e69526e30777744574f6e61514f4e5233676b786f6f6e5577697a635977504758516d344b385251557330796131453171452b672b6e6b4f30592b47376d4542694f6274467962476e65726b6a6d46414877735471544533664f794e6c7a3558525a35467a74726d596d45794b3349585254666c357447484c53546b6b63527155662f754e796259327a593878487a615a47524a4c4770756f5977526837657871743856617371387436494166512b614d357537594d306e7038305545385a497663786b71772f384156556e4a72304e4473326661374c35477153375667537942337a53434465775557716f306443755462794f5a477962646c5147467331777046695643332b2b6d534370794c4a3941432f307036626b2f2f7742444b4a3850542f38417730617641393839722b413832303752307a44466a59725a47586b53676d4848484a7a4651664d374e3556566236584e41375353346c7530474d6e71724a78325554376343684843475a58635738434144536b6e2f5354305a4d77643277647868615845666d4b365352734f56305037796e6853496e5231366e307a45432f32556856423837663844534a616f487950615264667844394e4b435a497a564f41487672595049776c6a626e6b344f335354343868447049466546526373724335623261576f4c31544a36576146376476753537726c4a47496e52637357786e73527a4d70767062325657746a5261706c5939754f34395862595a494f5a6f687a5857793362587550645456725565317241714c7166666d6b744f733251724f497756346b6e6750665277694f575747484f6d687947686b7835347034674331765062327374413053315957576562496a44656b655a4f4a3173516168616773316167475a3459784d58736244674f796a71774c39414867375a4c754f6436533253465147655139674e544e3755567130646d57762b6a625068343037624e74554f564a41414d6a4e79534a43542b494b6e6656643547573634556b4f3943624c42426b3768754269574a355373516858514b52717841374c30736c35527564707770627249757172462b7a374c3143624459344f586879696b4955442b377253476c437757376a396c495a744849326b3572387076374b517a61493539597a364931765961554270366451443168486e7934706a6878705a4c6b583545593655364a2b50644a3673593648326e4b676470636d42346954657a71522b6d6e62466e794a72526c2f4f6b594847686b70455679646674704d4e44456a6361414e49695374612f5a616b54555266656b39314b644d51794b412f795a35476a59324235474a4e2f74716247636a3350467435446e784f5a2f584f30466c4f3653523766457a636f65575152676b2b44654e485a4d714b6972304f7a627869664e59597735524b6b355070744756594d4c583567564a476c52744278356837477a566d684a66566b3062747462777070495855675a75364d72486c617748596466303070485651427565664a79456937534e33304669536f4853426e634f354a6274706b5061776178737566484372416a4d377236614244647757347341644e50476c346a77757248647833625a2b6e4f6e3379736964734843786c35703832514c36377565316950695938455265326a72567436456261546c3944793339524f724a4f70656f446b78784e6a3455536d44417858504d36782f45576b506249374e7a503436646c61474b6d3146484c6b33736d6448504e7432524a6d6875566e674559377a642b592f634251356a52375170745a6c696d367279776242695432613157645472634f4e505551765647356b2b562b556433665177614f5042557358542f556338303863636a366c674c654845304c5132586a704b55474e7a383030325154385a534e542b366941676579374530444b2b446f562f4f434d4837787750737049753433414b7833794d664a47646a503663385975536668646531484863614d6b79593978626f4d364c4e773438714c525a42636f654b734f4b6e32556a50644e7267697a74703230784a5641796151656f6e38512f54546b31555a366730483331726e6b4b5261756a396f584d784d2b64304c3868534f4e6648566a56664e65433367704a622b6b4f6e4a2f5766506e52554750655045586c41436b2f456673307142324c4b6f536376626f4d7a4d6b6e7943415165524c432b6c72564572616b7a726f44543061426b46736559685364514c44374b50334350615748612b6c597358387870624668352f5549314864512b3446745074386c3237467733686a4b4d3531386f414641374e6831715a766d35504d35433273644b6b516d676c307a69376446685a5a794262314559526a69655933432f665133735057704a327270584b77464754484b3055372f415056777966796a475271354a3031484368337a6f4f71784a634f6c734846625a594d6952427a35426151472f7743486d49542f414e4970335533654939744547686a34614733496f3775326d67736534785947474e41715536517a7378324f544547704357396c5042473757462f4d596f34466663425367577078733347587448324368674b474a47355163415239314b5239724a456553485879734c2b77556f474176552b344842775a4d715335746f694c785a6a7755554471584f50564e6d666a714472427066566839454944663053623664784e46434c3973432b4166326e716e35755959653451664a5a72664143626f2f3841436631557a4962344746354e4c304246556735442b2b6b54314c44304a4f72706e34542b5a65614f596f654255676f7731373743704d6655352f762b506274742b776d376c394f746e79633963724b784645436e6e52486b2f77424f6f493035565938764853724c736a6e56754a3277394c625473556a533465416b426638417a554a4b324f746c314b7237716a634d6432743468696157457943614f366c764c4b6f3448786f4c563867713342656530562f4558754f2b394348494a654a7053426136673231374234304c43544f41636d6731307466756f5264537539543954627474456d502f41456778444a356d615353556556496c587a48694b6c78566b5672516a494f7365714e37366b335242764f61325244674c3877495350546851735032414263385030587137686f6c71554d2b5632304b7074574e38316c3545372f444445306f3575306b39766a65706943545a746d2b6e2b2f622f77424537536d7978776379797a54355575524949527a535752565675556c75554a714f7968745464346c7a673870595732354a75332f39762f564f55532b5876473159414845504b374566596f2f5455627861645562645075436c6670725a6c663677364a322f70704545472b7862786b6572365533797344704170735773737a746151392f4b5066554f584674366d723272757a354e335862454946374a4a79626e694e2f3771672b776d782f54554a306c3175787446387a727674694d4e5738704a2f7568543936476f37475a683073562b52723337545449764a412b5a4e475876767037614e45715a49365a79326a6c6d7732506b667a722f454e445432524479612b49557947306f575131514879357639524376615858394e456c6f576131394c4169644664525746736134346a58777252393670355a2f6a7370592b6b39753358416966486d51776c3550555a6538577456664d315a6b394f4e6248575761534e79327a463270495055437945666d416a385a346d6f4750525471414e7a6d783459684e363862636f42756838784231313771466f6d53466a6359493453306e6c6b4669766a636147314e49756f427a392f79325a6b37474e687161573252544146797371615545467a7a48546a553961456472417031494a4a50767057516b776c6862754e73454d3452335a54356551427257376247685651393045667148716263643261444467353047584b493548665269703436446870556c4b4a616774757a53526f4d47556d4e6978515257534b4a51696a73414171467336696d4e4a523548547544486a494c65326d433268377044594a2b704d764a69697968436d4a454a5a47346b387873414b6b783056696833446d66703670784c5a62552b6c654d71715a7434634d547171716f2b38314d7356504d79726436763455492b372f414537327a4132624d3347506335584f484758737755676e7342734f326b384659305a4a782b3857766b5658574a4d2b51356d545951517a53736541534e325033437169705a6e51764a537656722f63636c3272714c4867664b6d32374b69786b316565534a6c5544326d6e654e72714b764a77326531575459764233467779693936456b746a3047657435544c6a517266525357734f2f674b544a754a583146546759494c3334396c433061566764754d6b306a6a7a45474d33516a7362764648556c6f6c4263396b33513768746953536154786a6b6c48694f333330466c715a3258487473647947314e4348556d394a766c766d5a384748496b5756506a4259336b425a515055484f6241676d7738616c773954482b344b2f3271664d4d35505347504c4e457239587149597835346a45697347504549724e7972396c5757716e4e307670304f77644c353243334c73335538707554366b55364a5043796e39314f5778393952743147626b4959556d356264456d48754f556d57397a7935617036666c50776772647255456b44576f376c5a437a53324274626a514a427469544a476f484c71514e4b5543544232526c4b474a4a76632b484165464d30465571472b593635473859687943446a795253576a50426e684963587632656135396c535636514b796c6f782f6534327a4e34334170494657646b6b594e6f726f666842623849754f3353315871516b5a39367a5a7753632f5a34746e656246394e73624a6c67566c7835475677317a636d4b525356635553615a4874614e54365735704f6c64746d783259517a5168787973516f666d4966532f486d427656484c4f356c764857563050747a6a2f4c416d356a4357565a534e66495435725837787055464974644b5377376261742f4172765857376a4d79385446696a45574e6a52744a476c376d38784675627843714c6546582b625a4f7953384564423974594e754e35482b623841446a75794f47484653435064725651363747615373697a344d764c7172585a665962534c39307452324d744b4c51567557345a683771534c79492b51746c76336147694452437835544275554d6c374174796b2f786155646e6f466c5531442b53357354323931526c536f416d646e7a343147764b77503247357158774c6958704c58746d387a796867666741715230504c6631642f4d6c53356b5553664d4d4c79616745306c554332613175724174357479523866495968584e67563049485a72547741724d6b375a305667515a496c4b764f77735172794d793664366b36306d7952575959336e41696c514d77394f5642593234476f33516b706371452f6c6371773877307653716f4a4c4d6a6e7a4143336232564b6949695a41495733767653616b4e4d5172637a6f70344130304364695a744d474d323934786d4b6830447643702f453172666f705763497564757871325858774e732b6c5853754c7532546b377075554b7a59474e2b544445347572796b65596b66756a37364c6a34303957546436357473635571345a6634756e756c342b597837506a4d6c2f4b5369332b2b693331585247482b6f797461325a4e69784e72782f77446f73474c4364795056654d42655a52324733476e655853494174657a63326536427671484647343471346b5a43737a426d62686f50455653356d4a3370747134624a4f4c665a6158714e394f344362506a5459376f755436722b70357a634453316a656c7763647346585676632f4d584a76376c70726f4548335765414e4a4644456837465564767571313737586751374a3675536b665637714c4a6a325348416c6e766b356a443159304e6c456136742f5a556e4a736c513165786366666d642f43706b6b546c57466a705765646f314a4d36682f4e77656338516e396c4a6738665378564663384f5066534e4e6f5a6e55637838526355365956536430726b47504d79495364484161336a543257684479566f473868754e52454e5634484f6e7374344f6f384e6c4a35585978532f7753433336625564487156753634742f47632b42664a4f6764687a5a426d546b6e4a6c504f396a3561734e486e36754f484268322b49513464676776653531714a34795465444d6c636951683361344a3037523445555355444e794a4d7a78437a324e37443330773543794e32574a447a754c44556b6e55665a52704347746f4f667632345237667455445a457a584c636f46674f316d59364b6f377a54624739454637697271792f77435439492b6e637a43785476306a5a3379544e497550696b78786c33586b63504e38624c62396d3158634846323673703575573750546f4475714f6b4e7032336f7671715845327a476a4f666c5251596d4b492f4b727873716f41414335386861396a725235766f6158556a34742f576d2b6b47475366532f635a4d744558624d2f484a646e6a59674c6a6d4b4e53547941687059324c46565653764a343271746964367231496e794b7476704a327937786b3943787674572b62454d6c736c7a4e74767a503559572f3835465a65645746374d414f42765232716d70326b6e4678653566593751546e2b72617a525a474c4e303769533455347330447979446c3762713663724167384c554e4c71726c56724a76723764725a5137324b586e35667a75664e6c636e7043567272454357434b4141713878314e674f4e5132747562624f6b346646574447714c77506f31313037615a564e4f724c787357566646534e754a6a565344336f536e2f414e4c72554e6b5a2b6173576b675a716c4a6d48445768525052364553587a6f56377878707952416a4a7546762b4e64523752522b424d3961682b65634e6a724b50686451342f764c66384153614571565243326a463959356d573377785253465365384b54524e6b755338516772747938754f775563514e6662566b386e4a4756464a364b6c6c754f3461306845644a596c626a797350684a706d4b4263505563324e6c7148484f7643394e415568445033344f5642423558346d6e674a416663736475597a49705a4472635530457975444f59646e7471524954734d354d6d4d7138306a5750594f326964414e346e623451376573774e6a38416f4c42565a6f5830712b6e43372f7653373775734162594d464a5937506466586d6b734149794c615232315066552b44464b6c6b647558664661614f47615673556357315a326430376a3542786b3235773553512b61574359633862692f486a59305733523058554c6b55795a4e755a2b70582f41484e4668666463575038417a6b436a543468325643754f2f4e454d4e2f6c5a426c366e785373336f48314768484d62473446752b31515a36756c485a617748536a334b72555350644e62324e7a795a67336c394a416537696647715041354c7a4e796f4a655667324c52686561664469456b75546c52346b434544314a4341704a3854576c576961363646617173394570594d6b366736533533696b3333476a59616875646245396c7a5370537165724a3378633861555a6a6e572b384463756f70336a6c576248674169686454645741314a48744e52636a4a75743844724f7a635234634d572b70674c6e3562477135734b6f557a57576662674f396631556d5255307556554d4477374b526f794a6d4274667570494b7245374b3370377967374a46492f5852766f4c4d707157624962516e7634476f66457234324f644e62646d5a323549754a424a506b4675614f4b4a5337486c4e37324864556c55323452447938314b5933756532724c7675654c314a68684a354d61614f47524f5a50555132467a592b413939586c69745a486e4f5779725a316d55435a637a49563259727936616b396e6454657a41472b51587550554167516b6174626965476c4c5945536f2b6a76716675753277376a68625570787368566146576e68535a6b64655a57394a6e4273774e786658776f765a597a7a313643634836526655664f6c52637a4358623469664e506c7a7871716a7635455a35473967464e3754593376315273765333537532374474793756747479707332666e45425a4d6951642f63692f685839645738574a565254795a585a6c676b786b6d614c476a466f314e327434564a7549305548363079504674574242687948474b5a3479466d513870396449325974663932347656546b3332314f6a2b336550584c6b73724b56744d61333366757677544e6837672b524336336c574655456968657a68646c37674b7231354e6e704a73352b78347150637136465633372f6547345952783935677a577856765061654971453552724c71427932444457705974346c4e63666a32546f74482f77416e64722b6e66576d347734387548745573734d3642344a705a496f7655546747426b644351626362554c6f7a5277397a77343670586374616441566c594f52685a6b32486b71466e78334d63716f79794b47484542304c4b337442714a7147626d484b7231567139474f3478554558704d737a6f4863504f45616377344a3569422b7a617a6a2f43622b366f5769432b704a7a33575165714472774e74646638416a5144303042392b2f74346e733931496d494761427a3644694c693953564a61644366695463323259354e694635346d4a4637464464662f414576552f486f7264546b6675486d35754e617674754b755a45484a565735513546394341624437425633323639446b5833444d375476596641574f4c6c6a31466863697154593845535864356365362f4866737068412f4f6c47536e4d504a4933414369426245592b462b55486d6c38343464744b52305173334f6d56796973475665326b4f30574c5a732b32497357545a76554767375253456d412b70703439756c73672f6d61714b6b714f37414c42696d7970524a4b54793330464b316830704e622b6d48303950554d7a5a3234633058542b4562544f4c7132512f48306f7a3344385a3931486878626e4a466d7a6256427657486a78706977777751726a59693873654e69786a6c565542344144777134314253626e71556e36326248476e794739512f6c79755777386831304a586c35347a70334734716c79362f6d4f712b327371627468616c64555a516475334e34353549727a523436383870563951742b504b54632b4e716f7154706231725471763346682b6e7656657a624f4d324c6446646c796d526c6b566563674b4c45577162466b5354566a483770322b2b5a70342f4174382f3156364e6a41474e68544e62516e6b435848323149386d4a64455a744f79636c3957414f7366715274572b62424a74474a687446366b695363376b61636876343861432b5772554a5161486275305877354e396e4a6e367952334942572f634e617251326447764d64557162583465464d787568394a6f4c642f77426c4b41716a365a502b6e35436267583070514b4e515179464859646c3944345578625430506e57366b63644b6443544975507a5237686a536e674a4144374470524c6f4862576a6b74475777455a4a30486564425553366c57746c48517676306f6a7964753369484a6b787078693573556d4b4a2f536b394f386742556c2b57317270612f6a567a6970712f513533376874544c6861566c7571356954513976334e397479387a45796464756156724274655576356c6178346f56594131726254685a4d693672334c4654366854625047364c697a597a546f6b504c796869336c5957375043716565384d7659617969734859397a7a4e3778635449436d47624a686a4a5734356c655251667442714775575769573159712f6b656f636b4b5859496f43383556516541433643317534634b3056304d72346b5a346b5532542b593334674c5746464969546a517546434b75703439356f577842484867574a624a724933784d6577654e527468497a7a3673394d37687555474c755733382b624474717943666230573550714546706b74713172576277345657354f4a32556e5266623350706875365830332f414a762b44476d5a6d504c47706a35376c755945467674374b7a326d766764375331572b7174352b49543237664e3177594a4d566a446e375a4f437554746d6447732b50497266454e664f742b39576f363537562b4a513558616347667174742f43794c6c7476542f534857454f42487363376244764f3076485044733836787a5938676750344a53767a445238704938722b5874577275504c572f7a4f533566467a634f7a746631307470752f31346d49396339466452394a3771384f385942785973695232784d694d2b706a5341735774464b41415341645649446546525771303954707532632f466c6f6c523672773853742b745933714e744775725150525a37787343725839744e6f4b55454d486441492f5466554c38492f64375073345546716856556a3753786e56573034304352496b30524d6857634268714239314569524d35444933394d79564274364d735574764237786e3956543864786335663770786273452b54496253747a446a61347251505067356a5a6b71516d49456c6d37616f6c32526347504a36764d3276333077777649786d666d4b32754e4c385064534551703843546b2f6d6e6d493041704467703047506f344e3736332f5454704445724279336a796f6e64727858746275703268463032586f334636333371446235636e35534b4e544c4e6b41426e433841455536456e78715446546334427958327151336d66514c714844335a4d62613833487974736b4e6a754d70455477674858314964655932346375687153334861593165516f4e6c327a61385462397477646c77622f41434f4445454445574d6858566e6133617a584e577131326c537a6c7948634f50315a77317252526350625444464c2b74304f357a644f596679654f38754e424f5a63325a427a656b764c7971537645366e335655354e57366e5266626d5848544d33643674474a785451784e3553574975424a3752593250626573336f643974566e71533851596f676e6a62446a6d39646556586134654e682b4f4d6a6854317448586f563833486474553970716d77644e66546665384b503841706542484e4e41674f5a685341726c3330383169664d766970712f6a574f79304f4d3575546d594c7458656e672f416233767072707a4a3266506868774d4c4533466a4a4667674d714d45526879737830494a4653577831492b507a6379744d32614a2b54314230377430324e466944626f4d5977535275334c457a4c4b6b64314174723851376146757155614455773572755875362f45776d664e4d6b736b30684850497a4f334b4c43374735734f367335366e635971785743464e7563536e56675066547045716f786c4e336959324461303771467448345a524e49627438497341653048746f47695164354439394449306858706a6f72664f71647a2b5132714945786b506b5a636c784441742f696b5966636f314e53343862766f696a7a75343475505464642f4a654c50516e544830793659326230476c6958633930747a506d5a4b686b516a516d4b4533566643397a562f486756666d634a7a6539353837685062587952634a6771697864776f307347504475377173564d6473724f2f62496d576a535935354847697437376847392f44374b6c46566e6d54726b6e62667244487a456f4a595245794e6f455a574945667642763433716e79615374433969764454387a52656a63616650367432324f526277343868795a6d74775448426637323552565441743130576551346f6250447a534545366b4b5750764e617a4d646442364255424c4d4f652f485451652b686b5249475642476556534333374b2f323032306553524645386f2f4d3873665a47756c2f6161427363655a596b467668396d682b366d31452f69433939366432666674756b322f4f684452734f61475651424a45333763625730495032304e364b79314c66453565544264576f2f6d5948314e306c76585432624a426e51744c6a714c775a30616b77794a65334e66384143657771617a636d42313664443050742f6473584a6f6f6357386754424c6b34387363304c7444504534654753496c58526c344657476f4e527077583734363254725a5376453172702f71665a4f764e6c6d36593670786f35736d56447a786b63713543715035304676676c6a346b4455635270576869797136686e42397a375a6b34562f64787a37663466426e6e62366f2f54506465673933534b527a6c374c6d4d78327a636266454272364d765973716a6a324d4e523267426b78776266624f367250574839534b554a44556349316c6c48456d5a534344714f464d366b6c637345784d6e5146546f65796f356a71583635553053426e70365a587646715a42626b64784a51634c64487635524645742f33326d42412b34314c6958726b352f762b52506a325245676a794d6835493449704a3369517a53434e47666b6a55585a3374384b6743397a576c4a353071747155677848626d51713435546253715a5a544a6a4d5356435035653278705150497a4a4a4c366e4b6a65556d78505a53675568467349576964547a616139314e41694e756d416b6e4b46587a4875706b4f512f77436b656e467a50784a754252694c72394d3868597571397635547979454f7076326769704d4c39514752614738796f706e5778444875374256396c4d6d775267584841746f4451694353795277784252772b397161424877674d3435355235434c63683146764564744e4969746a3658644348634a4d2b586134334d326a517357394d4538575241624b6169654b766b61613778795658617274496f33585030726e326a314e793245506b37614e5a735456706f4233726256302b3856547a38627852307661652f31794c3238326c764378534d484f7949636d504a784a5869795947764850476557524738443265797163745054526e535a4d644d6c496156716c3869334c705872694f50627572596c776437747959652f59396f2b5a6a775754384e796578764b664372644d71756f73637a794f426d3462397a4139315047706d5831453649366d364b794c3573497964736c626c7839306842394a69654379446a472f6765505a515a4d4f3355314f33643078636c655676496f6332343544334a592b7755456d784b51787a3832704e4d726879644231306f6c59636b5135456f5a5172576466683852335537556a4a72784e682b6c7630733344717a4854644e7964397632532f77435734467073693378656c7a4377547666374b6648676c366e4f64323731586a765a5431582f4148493942624473477a37467438653337586a4c69346936386731655276323359367378377a56327446586f634e7965566b7a57335a484c4a30634b426d632f47625874324163466f32325161454c4b646e6c355233314c51426a367772464553344244697842386142326b6447546656763651345057554b35754e4b63586563464c592b5332736373567966546c413831312f432f754e453653574d575a4a626266542b394150364b62523168747536372f67395277747a3447506a51346b7a6174494d6832596c4a4f446f5569304e4269784a576b506b5457464d31387a56784e4f764e7978574a4e6b356d357442374b6e6a51714e6b6944437a38672f6e797346503446302b2b6d745a495a426e453233477831765958377a554e727468514f533556764a46713373706c587a486b2b6a786d627a794737476d6246413736584c595267433334755033557a5938654b3047386a447835386158477955457345366c4a3066554d7243787637715a366f4b6c3356707252706e6e58712f70782b6d64312b5166496a79456c5270385a3075543658714656442f414c344146367a63324c617a30767458636631574c644557576a2b4944677a736a487949736a48646f4d724863535938796e5648553342714b723275532f6c7856795664624b61767162646a6e592b767569524875654b6d52685a796d4c4f777a63656c6b52364e366244564756764e477734587259785757536b6e6d484d7758346d64315868306677504d6e31432b6b6534394a62333873727a5a65315a504d2b3235313055756f2b4b4b5557306c532f6d3743504d4b725a5a6f7a722b315a6163716d7274767231364663547065637263704f4c6669566f6d2b34387436676555317630565936326e396751322f6f6665706957676e686d677343655a585277707542645477494b6b456439446136593146664539624a314863376f4c6534674769614b61354145594a527954777344782b326d706141736d53575858704c364a623376475042695a537a3432495a424c6c5a43703661416b575a6d6b6b4135755664455641652b72574f74704f6537766e774f6b57764d4f5957736d3834485166544730394c7a394f625a69444432374f6866477a5a4977506d4a6b6d517879504a4a3854534d704a48594b764b75687831737332546a302b52354f7832787844647870326532714a59507657424667644f494649524d78566a6b5267547165487470434770736a4d786d4e6a7a4a53435137427572534c6468647a2b6d6d4848546b764a4751563148436e51672f3841547662354d6e7248425a622f414a5161516764746861707350314565546f62366a53777945474b3550694c56664b6850785a44666d4a4453634655634251774e495378386433387a6a58734e4333416959454b6a6c477665545153454b43784b627362337074526851546e5532625265414847337470544138654a562b7366703774572f345a6248696a7774316a426248793055446d5037456f48784b3332696f63754a585272647337766b343130334e71654b2f6759626e59655a67356b2b446e776d4c4a6759787a777472596a753731504547737539576e716569594d31637456656a394c4c7430543174424c47765448556f584d32664d487938456d514f63526c7446696c357238305a4f674a31553161775a2f433351357a764861496e4e67394e6c31534b4439562f6f646c64505a4d6d3662484954734c4e2b5a412f4d386d4b7850416b584c52397a6352323939466d776264563046326a76447a2f7742753769362f655a794f6d38332f414a366634582f7371767552304d7465493476532b344858313041376271342f56536c4437374c784e742b6c662f6239456b45652f6459494a2b45754a744b33436c654b76506658324a397457386546654a7933644f2f57553438542b622f6762346978704648486a6f73614b6f574e5641436f74744146476e7571776b636c61307557784535394a624b535a47347364545431514c485930354966336a7161543669492b4c422b635866733146465a2b5179517553475756726e5265366d566b6834456e454e314946746166654e444b5830446a77754e346c7873716566486c7a336b786f4d6a6d5079305443776a6975542b5757353255307362695366506c33375643573165486958434441353235694f56526f767570336367536b6d4c36635a394f4d637a647037716a6c7363625a354a6d35497456476a50325536303669486f59456a462b4c3939433349535134626a326e68544445584e7a34634f45764d7746686531376662335556614e69594d68697a3932496c6d5a7366432f4376426d48732f7471523256656e5559794836755a574f6571337863634152344750464263572b4a72794d442f6a465a584c744e7a3044375a78624f4d332f4e5a736f563764745148516d742f513932625a4e345274596c793479675041466f664e623742562f682f53634a393070653957504c554f3964394f526452644e356d3036664d4d7672626649522f4c796f39597944334e3842384456724c5257717a4737627933677a4b3036655079504d57486c453571704d436e703335304f684441324b2b34316b757348714857736f746542504a4a6e4b7550487a504a6a6a6c6a51584a6154495a55554476596a536b7179344b4757304c63336f6a66756a7567747232574b504e6d417a4e345a42366d544a597245654c4a4376426248546d346d7444486856666d634a7a2b365a4d30704f4b542f7153304d5336673375713857506234432f36616e526c76526b4f596a315979757246675437753270463042665538526c3778637042304172504c7343496f6e3575596e32436b49644c54774d487670534853482f6d576c7354714f326b4f4d79666c6b4f6f734478464a6f634a59636f59673974495546352b6c47484e6b3959576a494153466953644c416b4468552b4471525a75687663657934364e7a545463783771754f78544a537a37646a4c5a46425066517849386a636d39453345532b464a554649754937686b473979716e737033434743454f4771414e49537a6474527577534a494667326c68596155495345306d78704d792b7457775274693433554d4b67547773754c6d572f4647392f54592f777470374456546c59394a4f712b324f593164346e3065714d6661556643664b4350654b6f536471623530567641366a364e785a73753030364b32486d71326f63782b57352f6a55673172594c62366e6d6e64654f2b4e7957712f4e4751395937526b395062354c6733507973673958436b2f61694a2b456e765467616f5a735778776466327a6d4c506956767a4c7157623654394b7476653548646335656261397659636948684e6b6645716b48697166456647314867787a71796833336e65315432362f5659322f6d75334b334668663231644f4d6a6f6d6369577971447855612b326b496a4d544e6c574877716630564a30517a4a556c794c4367513470492b5558616d6245666336735342714233557734316c544748476d6d556178527534413731556b55346748304c674e6a6252366b6b526a6c6c35433459574a4951453665316a5432304751666e6b734f525472326e75706b68786a4a664678634f54497a4a524269786a6d6d6b4a73414f47706f625a4656537836316230366b4c5a2b724f6e6431796e77397279343869534a4f64684764416f626c2f54555750505337684f53584a677652657173426e76384143705349685a2b36513469747a45446c425a325042514265357153744a4264675468346e7a52473662756654782f697873562b4e757835422b306577646c534f7a576c526b455a4e3552595a4d6b526c4d4c4852705a73682f4b6f6a51637a456534564531433144705632617176466e6d586574786e33444d79732b63326c7a5a6e6e6465373147756f2f757259566b35484e6d7a3166695966617856702f4b6759357470653943574463507044676e45364b6a7947466d3343655849486967744768392f4b61314f4c534b6e6e5833486d33387070666c5566744c486d534e6536364545456536724c366d476a7a4a3951647347322f5550644959454969795a4679595531742f71427a32582b2b6631566d3536785a6e70505a6554376e477250686f626839476569385446327544664d3249536269344b34664d4c6845516c54494f396d59734650594f4845314a677851747a4f61373733437a75384e584656312b5a6f2b50626c6b552f43726e54734a3431627363306a6d524b625776524a44455a51645432326f6d493858685664664d4c61566e6c396f5a794130617279366763615130434a4a5055586a77374b513478426b4f4a4f55634f796b49374c4d5842552f68374b51534a4732794f5a414253484e482b6d45375264593469687247614f5253423232414e5434483669766d36472f48436e6338625871374a544859646e646d75336251376b4c62356b3748773843435552466c62494f767033484e627674556279546f46744a764f42355673423355496a34433538615168624d6b635a4c47314a6168414c49336a4c7a4d6b34653169317635325365432b797046564c714d442b744e7061546f62656f5337547a664c47554d3337555a4469332b476f7332714e447457545a794b50346e6e575272454e372f4148566a6f39505a71483051334f363778747861342f4b7934783973626671713978483152783333566931706639675a2b7075786a654e6d6957454137684250474d507664706d43474966785871666b5533564d6e73334b396e4c503559314c393076736d5073577a592b30776766365a42366a6a38636a617950373270567243525235664965624c613738516c4a70794d4f4b6d33754e456b566a676e516c314238796935703446346a57454c387a393950595a4b53576f37547262736f4168703361522b566548665478414937595272596365326843455434365434306b45673873796c477362477a6155346f4551592b50675971342b4f4349304243426d4c485857354c456b306e4c59676276652b345778376332345a666d4a623034496751476b6b494a43727a4564317a34564479632f74306e784a7347433253304c2f735a70754f343768763234354233384f6d4e6a71764a69704c484446477a674e2b57306c323567746d4c47506d31747077726e75567a6c752f75542f346f3373654a597172326f6c2b4c5145624e7a4e737a6348642f7a63664a6c564d76616f4a724e6c7978794f595444354643744939722f434e4c5831704b6c715754704d574c5565375331644c6264472f447a6b334e4a704d62626f32795735706b51427a33746257756c7856634a4d3546364663694435626a636373463851767a59754c327a75445a5766384163556a51647071302f4a416833483235354a426b62676658794f4b774434492f31587146336a6f50444b5a395a657055774e686a325a5a41732b36452b7171483463614967763841343235552b3271764976436a785a305032397776637a6233394e50784d496d796f35484a477638416256424c7a505148312b4a33627475797433335844327a464635387956596b5063443854487756626d704d644e7a677263766b724469746439456a3070426a343246677759574d4f5848786f316868483771414b44372b4e624656476835546c79504a643266567348352b5346427652514e48675a316e6448447166366e624f784a58482b54633554433977494a625848636557537738543456547a556d794f6b37667a2f5a3474333864506d7a62526a7859755047754e47496f6356524848457642593046676f48674b7356386a6d3774326262315a785751427974724d334d4437525251414d4f6236396e594b6351714e4c717a64774e4d4938685362654447436f746f4457636d6162514b79594a465a6765426f35497947635a7561397853455078597973766a53454e50677a38785a467653484f344d55695a42356862747042466d364b7a6a6a646137524e7a57543178476637344b314c686671493871394a367a686c69584645386a425930586d647a77414847724e725271796b6b5648632b7554754f522f53396d6438614f534e6d6c334a6f797a6370504b5053553661396a453169386e756c466f72625635762f67314d50423272645a5438436b6f382b3235613774695474474545736d4a7547542b515a78696e6b794935565a6d42552b3358694b797233766874584a527531624772576c4d74585231697938766962447375612b3562586a62673668526b494a5541303872616a513669756f77327461696476714f5a7934396c6d7669544d6e4a6a786361536439466a556b6d705570497974354f626d5a6d506a777154363252356d38464e54704a4344574668593233596971783546346b2f69593148613076516352753170396f7a596e554c484c6a544b71486951597a725157576a4a7550614d6c5838556555354a43596b39672f52574f65736f752f3059792f5436776b68762f3147464b4c66774657717a785836344f642b35715478302f4b7872754c6a766c39555977466d683275467332534d36336c6c764443442f436f6b59566576314f4d78766269732f477a6a396861736c676f544c6a3879572f4d41375650625456386973646d63474d4f70304e7466436e58555a736853755557557238626c554874593061556a4e7741646a3669334c714b4751624b70773974686d6b6a6c336556413563784f554b593062614d5735626d52764b7643784e524e793943396c77557778753162385034687944416546682f714d6a4b6c7666316369557462324b6752422f686f6c5743746538766f6b464955394e4c74783754517479416a344e7a747072547749633766345239394345526e764a4a62676f34305851466c5779387661393536696d78386859705a656e6e445134636f42355a706745696c7362686a3233374f363959764935567157766536394646703857614372656d4e4f73705a436c37464e7565393959376c6d4e504c447475327975716d526845584a6474575a4c4930595a5353536561777361352f32666364612f6e794f6250794e726c5670677756717672742f71437952626c68395537333665794d7554467444524a44754e677177452f7a4a464c575a692f4c5957466a374c31765a6365584a6c7173626a4851794d6d4732436e725456727239776136747a5865424d574932664c6d54466a5063484a4c74376c42726f7364594d7533556b51797734355364305a75525246742b4f76784652707a32374c396c4d30333045507442756d56726c54726851473539474d363234335a7630304d7044744e7449383864646451342b3837376b356b546e354d637550684b32703943496b4b3366655269585074724b7a3333576e7950532b3063503841543864552f4d39575656356b55616366737150726f61687176305536616b4b7a39545a43324d6e4e693763447835663836516533344237367638544843334d3476376d35307868712f6a622b426f2b5a4b5546586b6a6c45395374626e6c6b384f42705759564554667033742b55577a4f704a4649696e5559323349654c7752767a537a572f38416366346642617256637554523537574f74634b3631317438332f41767275684375707647342f54526f7a41656974475a497a716f627965436e5733757157515437572f6854434a432f4151654e6a59557a456556495a636557494b434f5941566b6f334c31514e7a7352584a74784653315a586451624e686e674f79696b6a61484d50415a6a7161556a37516c44694d75677362304c5957305a794d425933356950694270354264534c6967347556446b4b5050424b6b67372f4b774e4b746f636b69724b5055625462667665466937544931736557464d334d514f55655342547a425261784b6c724272564c794d79336258394f3258387649703471326f74362b52564a387a63643036386c32724455592b44676f725a4a57494a6341414c456c775663432f6861396350794c726c50656c725a785665534f68706a7268342b357562422f6333325066386d507076435848334b5861314532516743736b4d78506c4a592b583343756c35474449363078596f394d532f6b5a564666456e6c764e643354346c33695231696a52694764564373774667534271514b32305a646e4c4b2f31586c38384b34696d2f714d714878756466754654555177754753486259526b5372366d5a4d41734541343248436e744e6845684938694f325a7542353875542b526a39692b36682b43454f48472f303252506b507a7359704c6b6e5165553643687539494a4d5831312b61504a57546b4956415867422b7573614431796e52467638416f36374e313569324f6778386b6e2f4142566e6972316d463978762f414e566d2b644b6f6952626c756f5071535a475a4a484e626973574c2b51692f3365557437367439576352795a5732766856666a714766565742745344697a6171335970622f37576f6f6b716a4a506f4638632f415157684a2b307237714e4b64526a3730524b305162344133714d6541734f464a75426c48695457434b6f5641465163464173415041436f30677266466e305131384b65776b4a6e6c4c486b5832556b686d782b435030307566694e4132476b66534e5958374150764e4f6b4d4e77676853343162737653596a474e343659337a5964387a4d2f4569795a5a637561576248334c45495a774a484465684c45344e725837623632497243356d484a766a72526e54597564697a3471307530747169482b4a3968644d6455377874304f4e6b776e4632707a364553354a7443724f5279737550434f64764d7a6648617a61393952385468354844587058694e6675474448626458315a445274683663327670445a6a69595a4d6b736e6d7963707750556c63433132746f414f4155634b332b506853304d546e63322f497676732f3244613462626875654a4f77754d4174496b58593873714656756535463831573750616f4b61516343595741444e6b536735442f414253483476596f3742554462746f75673846422b725057366266734839507737785a4f3638794e4b6448584657776c662b2b5436593970377167354674716733767437672b2f6d33322b696e346e6e33497a33794a796b4d5a41585270434c6534565153673942674c644c394c5a76554739347531786556386c727979663875464e5a4a442f437644786f3656334f45552b667a4b38664537767234664d394a72426762507438474c6a78694b44486a574c476747746b5157583339703861324b714479322b5233733757637436677a4a395352444c4a3551657a776f68696d645435776877386c686f71524f5150486c4946525a62516d792f776354795a6172346d7437596b6365305963635141544868696a35423242554174616f306f304b65567a5a7634694932454d70785750354d313278323741654a543964535152534e526c6d615257305a477366736f3249636a556b634c3638615a6949665545572b474842585a305635446e34337a355a6c557268712f4e4d5635754a73426f4e616a625a506739744e372f77435678382f41386f59413957494d6a57725067316257436550424936674e374b4675426b7048704e6f5a67504c70323050754175676a2b6e756a414b4f46457267756f354469755331787734556d784a48306d495a41464931374c39394e7643644a4845324b4f627a4777596666544f345661775833616f354d6e355864634670636a4f784955787259374b5a73626c55676777746f38636e6255504f726d744673626e34466e426b717150486b53532f454d6264745057473477532b736b6d4c68794f3579544b6f5270544a634d524848357a7758546d746171584237646c31322f77427572362f3941632f4b7759326d765859756e5358522b7a394b37663841493762487a5353574f546c5038636a655064627572704d574a55526b63336d5a4f526162426a4d7956783465506d506232314b6c4c4b724b686c5a6144636f3570764d7353744b5650616668577245444250466359332b7579313958634a786543452f675538505a515055525078344843746e376a4c7933317565377557686238454f675a314676456832506373694a44466a775973786a4c61466d4b46567350456d6d736f71354c484478753257712f71523568627037664a45565938567541755362646c59365a366d2b5252536937665348614d76616571587a747a4334384d654d36497850346e5a645073717a78373156354d48376762793446576d74704e64364d336e617472324d795a4756487a3575586c5a5538504d437965744d7858512f75675846533074574f707a504e3432532b5453726a625838416c4c31543037457247484e686d786e2b4c484c574976784b33346579705665766d5646774d302f5379484c31667342787a443836736b513168662f4144496d3741772f4576694b5379315869462f6a73336b79545031703032754b6b597a45615352564438704e685961303375306e714e2f6a73336b78773962394e6e6c555a714143773439314c334b2b596e322f4e2f4b78782b75756d56586c544b52723854656d3331387866342f4e2f4b7a7550317230754357624e6a4250656156736c664d5337666d2f6c5a4c68367736646e594c486e524d7834414d4c3079745639474466695a713955344a7a3563456f2f4c634e667342715374575662614333666b684e794656527a4d7a47774147704a4a374b59644a7352696c636d4a4a305a4a59704656347034324a566b347151796e5564314a744361666a3148796b61414f77754675517876656d51375a574e307a4a4d7a6359384f4163306a6d35556477345871785662564a45745137696261324c43794c4c5a3543576c6b41314a5059766342554e7279354a49474d704e71774d65624e7967456767557954354d7830565271542f5a53655272554c486a64374b74564c38447a6e316876575a3146766554754a55526955684d64484f6b4d4361526f4233323162784a724b79354e317050547532384a636643714c7231594445574e69707835694c6c6d4f7452707436476931356d312f54727039756e4e6e4f586b52453737756971306b5a3477516646484365346e346e2b7a7372563432446170504f4f2b39792f555a49723946663373744d6543374f636e4d504e4a625265776579725268417665736f425341624b4c384b634b714b4650673550554f39592b7959703832533439647578495538306a48324c393971715a334c56546f6531757548486650667755562b5a73736a7468796d654e53594e466e6a384646673438514b6d6956427a756f4d337671445a4d6149632b516e4a4a356f7a665545647734303239562b6f733475486b79665369757639537343506d736a53506f43794c78747066576f726371714e48483250493135444c6656474d664269794833714b423879766b544c734e76466a66384138705463312f6b33497638417443682f563138672f77444266453836374f307344434e2b465173706c777847526770714b776457474977476a34586f4168775930624339746161527a34596b514e774e54705453507447337777546f4e614731676b7642456e6264687a397979567838565463323953587351642f747158446a643338414d6d5374467145642b3248493645335462642b78355765443142486c673865523944376a5631347661686f76384850586c3472596f314e6c77747a687a4d4f4c4a6766314564517763634c48675256744a5058774f56766a644c4f72306148444f73555a6b632b59384b666177464d414c507a476d633633417157716753417178766b622b59565431424244472f4a2b4573784a586d3842786f353045575a596f63414849797639526d734c38673143314533507948534b42314a31336d7a3572783435552b6b5343353152534f78562f45617035655474305230664337516d6c61355863726538334d2f367a4c655254786a344a2f68476c55625a6257366d316934754f6e306f612b65675838576e64656f797874596737684132683170304f7151634f646a63626139357043324d3432666a5734416e737043324d542f55636675464d50735a384e78782b77436c4b45714d55753477452b464c516659782b4c4d783350646673464c514631614870495179585567696b305053336d566e64636c444b596c49514c784e436b57364b546d326455373974646a67626a4969716635556e356948334e77393153307a327151636a7432484b76565839705a382f774372633239374d4e6a334b4d346e4f416378346d756d53696e2b577263555667504d4f4a76626744566c3539794d6648325432636d2b767138766838535431566e626e6d795a75333754757332343450384154544e7563692b5846744249476463574e4f554c45504c47435045584f74445a7476547041584477557056577931692b2b4b7278313862666958447050636d625a6477366c79324b50765531344932613678346549766f786744675068596d31572b4c5632556d4433697178335746662f6e312b62636c70365232326150486264637453755a6e656455626a48442b4254346b616d704d74356347556b48704756454c4f775656425a6d59324141314a4a4e526a704e76517766366b64656e66737a3554426b49326246613850456576495038414e5966736a3841393955632b6158486764393250744b773133335872742f3841456f556b6a4e7063315852304d6c792b6c76526a6276756639577934773232626334394a48486c6d796871712b4b782f45336a595663347547584c4f592b3465352b315432717631322f63762b7074305545556433627a5345335a7a71536532744673344d6737686c456767616548685270434b54314c754b7751757a4852664d397675464a736e78306c36415436646233446739613433726f543837444e6a53532f2b2b6253684648376970796b3939564731762b5a71716a76784c4e644b3252707657752f783758744279496d445353674c463268693343696439745a5a5434484739334b703649787957626d6b6157553838726b6c3238654e685758613773355a32644d616f6f57677932556f377255776344427a6744706131496456477a6e6e6d4874345568397054353445304b63645030564f63644a4d774a3545304e413045697759575744594e3736426f6b5158787a45514e6145636c726a496452325530424a68625a656d4a397a6d4246307877664e4a332f77314e68343235792b68426d354b6f744f706f753162546862644773554341456433365457725769716f526b33794f7a6c6c582b72324e362f536d5378467a4679755061724130476454526f317578586135432b4a6d6e5133574f5a7457546834632b572b4e733479786b5a544b54637279466653504730624e596d31556347567a443648543931375a584b6e6171396366365a744c627046755558713468356f754b6e734e61745763486b78756a686b49416b324931767771516a45625474736a37376e353844475756765368534d365278656d6d7274336b3330464e5a7768686a36683773757762424a7a5a4a6b33484c2f4c6852644c46754c487746567375534b73302b316354337379586775706a4c37686f4266674b794a387a757134794f2b65335961545a4c58474e484e6276396c437774694f444c636a69615174676236643662335471425a327848434a6a6b4b3748553349762b697063654a334b484e35314f504572566c686a2b6b2b374d415833434e52626879332f4146314c2b6d586d5a72372f41462f6c59386670506e434a6e5863564c4b4362636737506654766a6645466663465a2b6b6f655373754e6b7977534546346d4b4d774f6c3171705a517a6f38555871726559675a64746559666253674b4550775a7844413339394e41725644324e75504e697374396255365a567653475676634967737246754c476d6b7434566f515746682b6d6e6b6c4f656d4773654471515933484657476f4976535447326f322f6f487259395162576350497738635477772f4b35794246555352674557736f486b5948346131654f3635463854676537384f32444a4b6268755546384c6234382f63385862496f556a32334256586d675163736151786e38754652334f2f33413159733971684752617a7532374f57793938376d6f55674a4d742b723357584a4733546d4a4a596b42743064663254716b462f48346e384c44747172794d6b614936763765375a75667657576936664d78325a793745315267375a72774a76546d775a322f774338342b315959355a5a6a655759693678524c71386a65414844764f6c535936626d6b696c7a2b62586a596e6b662b336d7a3066745730594f3062626a626467782b6e695979636b536e566a326c3250617a48556e76725871747168486c32664e664c64337335625a334a65796d783074556c5552507a41473435466c4a76343051356c3357573653535a556542413669615275626d6535554e2b486d356462446a5158634a2f4176344d55323036766f52656873624f7975756473534f4e6e4f4e6c51736f5545717345514a6b6b50634e54636e744e5a654f3776655474653459735848344c70306d7637772f395374315539512f497775666c735a66554d58345664394e5064556e4d7672426d64693436575063796f4e6b333766634b707962536f4e4e5070636d77477632557043326c7532503662626e756d41755a4a4e36416b484d6963747a59384c33717a58424b6c6d487965395678333270424a5070424d55596e4f5945416b446c4672305377564b3737363536474c775a416b554832557a526b7953304a49424833554c51615a507870694e44723347676144544375486e61674876464474486b304870587032624d41796377474f4469735a304a4865315738504633617371357556476866596652676a45574f6f41585334302b797236716b554c586e566b754454556e37615441304b70395535465870484d356a626d5377397049714c4e394c4e6673712f38415a71597030397547426862746a35475a4836754a47667a42626d7470612f4b654e717a4d6255366e65383348612b4e3172705939426242756e54753459697962664c47794d427168423978485a3736314b3254576835767975506c7062317143626c626172486e6a343149726c526f623272436d67686c6a6a5951797a794e4a6b5338654f677434386f7037735547542f57764d78343932322f626f574c7447727a7a794e71542b4666313153356c7445764d367a3763786157762b777a5a70726e7676576564556c6f63442b4e4d776b61483052394e735465396d2f71473453537847556b774b683566494f42393957736648726173733576755865725973753348425973663656644867576c6d6d754e4c656f77706c584569682f6d755435494e374c3078737654735533394b6c636a4949395648597477467532697465697131556f386e6c5a6337547965412f75364d4e756b6248754a37655567366731557a7471756e554847357471434f6c68756779354275737a4e43793257344171743237506b3350334f6850793864456c73366b36586f376f58316a4e386d6a794f537a6b693979655047745232786b6465627949535436452f48326e6f394479516264455855612f6c7270396f71584736573645562b566e36757a4d63362b6c776639787a4a687772436b5941645674626d4a384b70356f566a7375304b37777032637347344753624d7664325643583874527664622b55306773494f767077704538435352656b49736e302b33676256314c45377679515a436d4f556e686343366d725046796257593365654c3775475046472b3948514e38684c754443306d35536573712f73784b4f53466638506d5074725264743270774e367739766b5064583954592f5432797a357a57624a4b386d48436638795a74464148614238546546525a4c4b716b733844695735475656585478504f4764506b3545386b6b7a6d5357526d6b6d6d593673376d374e375361793362633550554d574a5571713157695243596e676f4c7353417167584a4a4e674142784a50436b6c4f6943745a5655766f6a652f703130634f6d396c353870422f5638344b2b6133456f764649516633623362766174624269564b2f453831377a334a386e4c2f414556364c2f6b744454324f762f4770306a4a4965544f74754e456b4d5650715463497362476b6c64674551466d4a303455374a4b4979374179736c7a6d626e4951717a426a714c6b4b64414e66436f4f54614b4d322b3259742b6571387466396a6265694e6c68324c6f3647596f467a63324d5a4f584950694a6363794c666a5a46734c5648676f716f6737747933794f512f355534534d4c336e63546e627a6e3570612f727a747966777165566630566e5a72377253646a773850743461312b424535372f727149736b375973564d7a64385743552f6b6c773076647967337437366c77316d7853352b623273545a766b4f646878595351774d4e464173505a56375064555548434a4f397059333635476e4f616f2b342b704e7450492b486b4256572f473343725451515a7847626b3576776d67674a4f51726a77504e595241737a61425271536161472b6757364f7066756b656956684b353236416377316a6950777237653831647738574e536e6d35506b58735a71685248443559787037617562536d3254634c4c5851476d6147434b5a435874665130466b4f6d5a7a396264324b626442676934576551426a325758586a56666b79716148546662654e504b3233304d614f6c77703934724c625233615561736c62646e3575335a43354f444f2b504f43447a6f62412b44446777397450537a713943505078365a4646314a747651663151786431564e76334b304734455741507753654b48395661474c4e57326a366e433930374a664333656e716f6148366362674f68304f6f4e547a71633831353947557a72443661375a7638375a6b775a63777279724f683557436a7337725547536975616642376c6b342b6966704d6a366c2b6e4f2f62507a79496879385a645336437a6764355874393155736e46646568316e43377a697936503073712b4e4132526b527749504e497757333661677174594e504e6c564b4f7a4e34326266596f397568322b48484b4e456753363235644261722b6132796b49383766397a493279614d6977476e446a576272354573495563744e64514c6361556a774e783768424d367849345a6d374c31483771733444654e7053536a47777464665a59564936415366656c4a665247487570624c436c65597a6d5a546264685a45386938766c4a75337371397836376179794f48664a57714d427a7332544c7a70386c795330736a503769616f336373394777346c536953386857484a352f756f51726f6d35773538554875706950483142414a75652b6e4c4a7736613068487975517059477a4b4c723752546f69794b55656c50397750696446517a37616f7964782b52445947444879744a4c4b4976494f5739375872585830366552357738482f735266537537562f41382f5a2f55656675722f4f5a4d3830307a584570794333714b344e6d55716667736443414257566157395430726a344d574b71324a4a454273747544653235377161437830314e582b6c505178557739546274486177357471785847762f77445964542f2b6d44376536722f47774a6176716356332f752b372b7a6a662f6b2f5034476e7935616a323165534f5249452b57447739314549485a4f63774275646151364d79362f33763569574c61346d316b505050627351646e76706d5773565931494547492b56387274554b383032584c4843716a7663676663704a72503547546664555852485764733433366642625062794e723638334d624e30746d74776a67783245446549586b55565a6269736e4c634c473875644c7a73656273646d4553426a726135397031724750523268376e486853424c5230536475696d6b6d7a4a565133734f59675746584f4c6171366d44336e466b794b4b6f766358556e54654d756d536c2b2f6d7165377832366d466a37646e58677844396137467a6932536c72692b7442474d6c2f78326679504d677a496556545932467231443768765737496f306570622b6e63544b334245584648714b64424a2b4555646175335135376c594c594c5259316a70667054453268426b35624354495958462b413846712f68774a616d566c7a4e3642755a35737037494c526a34514e425673726b7244777054612f487570704554594d4e6766374b5a69432b506a4d41474f703742514e6947397a366477643267614c4f6857525746724d41614274524250677a58784f61737a5866666f6959326b6c326d6378446973442b5a6659447846566238577475683148442b356d76546b556d62352b313575323562346564435970303744775964366e7446554d754a30366e5738626c5579313356636f52477a4b797572464855686c64545a675277494e436e424c6171616161304e742b6d6e586639547878742b6334476641427a486748586748583964614f484c76555071634633727456734674362b69786f5974376a55765135356f6a354f4c6a7a71556b514548766f7067645057555a7a314c394f4d6544635276573277715a30755a49426f726e763767336a51504575714e6a46334b317165316533705a557066714f2b424d2b4a4a745a6779497a5a3063674e56664a79464f714e5444324b74713771336c45655436715a44614445556633716a2f554c794c432b33312f4d54756c742f7741767148634d69496a306847747941623335715361794a6f7a2b343976584753736e4a5a39713657334848796c7a6657356c556b38683751617a635861625576756b725a4f645731594c526947597a426d4153774e72393961644d6470314b4672566a526d63622f3841562f66634864637641474e41666c70436979584e7942774e4266507463485338547357504c525862656f43337a3672373576473350677a51517870494f55794a65396a37614333496255462f6a646978343737354b547a324e7536713575515059382f4c494e6163466f4a696458685a615a6b4b554d475361476b69774976663946495238704963665a546732524c2b5a6d69695753475753435a4e556e69646f704232614f6844436a334e4f5a417834365854725a4a6f474d57785a6e457266395461577a4735357a666d59334a3436453370337158577178433067307636572f5435647a4d652b3778455474716e6d777356782f3144412f47342f7743554f776669396c572b50676e314d35447633656473347362313857624d3745676e37757a3256655278507a4963354844766f784544496c4367363630684654366f33324841786d6c5a724e3244744a707962485358426d4f47636e4e334238764976366b7a58462b785232665a51587474556c2f6a343939363158697a5a66704e3076694e43335532536e715a4c537952594950777849766b6553333754473633374257667836666d6669616e33427a6e75396d76305657767a492f3137334d78644d2f4c416b484a6e696849384c38782f77447071626b4f4d5a562b3371627552506b6a443079502b465a544f36613148784d44536b426f2b39593270354764524279687776636a33306f624761516b35532f7461556f4856644a4d383953792b3672424a4b6953352f545065736762674e6d3575574849626d567878556e752b797063646f5a7a6e664f5057314e2f696a58396d7a5a6d6473584b6e395952745a4a65333247745846655563586b784f72314c5a69355363764b71366a747153434949592f716c67334e3771466f5154686a57507a4f626e756f574966476345304336696867513475584d2f5a7837615471504c4a434f786a7565496f57464c614b683139305a6a3737743750456f584d69426147554455487539686f4d6d4e58554d31653039787478386e58306d46535154517a53517a49566d685970496837434b78375661634d3949785a46656973756a4a47446e5a57426d525a6d4b785765453879487350657038445455753675514f5278363561624c64443054306831444276657a5135635a2b4a645637517730596662577453323553655938376950426c6457474762763841736f6f5a544576796b5750772b4e45685176457a3736692f543747336a466249675152356b5976464b427237443371616a7a595663324f32643074677444316f595a6b374431426a7a6a486d322b595373356a514b74315a6c34387037617a6259624937656e5077327275566b467471326236676258494d764532326546334668666b4249342f4354525678585770577a3876695a5674745a42624636682b7165345253506934383751786b704978564977434e43504d616b2f752b4256766734464f72523844395735492b5a63655a5154707a4f674a2f6870746d5742742f6230774c6a394664613774754f54454d533256485a38687033436a7a634e6247395272425a76557632376e787356453539506841357648303836703266627a6e356f673946666945626c69507441464e6241313148342f64734f573231544a57444e5a6231416178466e334a597944665564676f31554c5954647633714b5279674f70307453745569746a676d79507a6139356f426b4e633149646e6232396e3330344c4a654e74756675624444322b46386a4b6634493478632b3377487471584852326349715a4f5258436e6132694c31306e3944536d616d356455734a47553879625a472f714b543353754e4f58393166747251786358787363353344376d643036595643663576453257434a556a554b41717141465652594141574141484156616c484a545055524b3455572b2b6b6b4d444d764c564c327078344b357532385134734479794e5a56424a4a704231724a6a76554855575475653546724e36455a2f4c5539766a616d624c744b77695469377152684f356a3541746b56774e5354782b36716e4d7643326d3932446a627372796546656e7a4e6c2b6b323637685030566a706a522b6f324a6b54777943396a597436696e5877656c7859644e544d2b3473577a6b762b705356442f7548334e323272414d6b5452794a6c715742303035445438746567742f624d65382f6b596c48764341366d732f596479714579486459333044613147366a653254426c417063487330706f3149624b457a624e6932375a63667050462b57675635706c6a353238747957747a45735257706a6f74714f4a355766492b51303343515758704470597a435a6f596a4d4661326932766268616a574f70542f575a6f6958456e6c667048706648336a61737a64747a334849773844476c58466a474a6a746c53744f363877356b58676c762f41745766536a5a74352b343371344c42394f756a383464515a74397735633762732b48426a35622b6b346d676d6d4d6a46517a727972434e4c64746a55754f6a6b7a2b627a4c5872456d6e59763076367332796663647a7a4e395667786552634b4e6a7173664b43363348373471376857316d62797557736c456f364254624e753374384b43524e31447a7a346879493854314645356b2b59394256354f5070397650566a334e544e5664413974653037306d5248362b374177755556636c57596f57655178386941727a63334d6a6352616d655166614863624133646243545073334e7973724f626f5370646562546956485a5176494c614f2f4b62702f2f4c504f546f6c7a7a4665634a7a366a687a483230507544374251664f677938654e3873794a49774e3161366b422b5268714232693150756b5551574e796f55322b366b4a694535534f52686f654e495a474e2f567a706f5965576d373436325351684d6b41663457717079386165714f302b3365344e723237645450505531724f67363539545166704631436358635a74736b6238756238324145396f3063652f6a5633693338446c6675586962717249757669624b5a526f563752657235784c45462f7744775453474f383673764b33436b4b594b743145506b55544a5341544a464a7a7470636764747161336e4a61342b7269596b7075372f41465436626c414f4e6e424a49547247797343626356746171377a727a4e6a6a396e7a6555795363663671394659754f71706c43307168356b3553447a646f346361623952587a46627376497339554a6b2b7248526b6b6b444e75484a484864676f56767362536e392b766d4c2f436368666c42722f567a705348637038324c496b4a6e586b5a517047674f68374b4833366c6d76592b51306c48517033566e314932666364686d322b4b57575356704f614e6a7a57747a5848476f637558636f52736344744f54466c5633434d35794e305a785a644f2b71365548534b4544354d676b3861636a746c534552355449345a5351774f68464f3052724d67336a62382f4b433476336b5647366b323157556f4c593266444f6e4d726530554d45567151502b6f4b59426c742b6d6563494f726351413654493648374c31633472395a6864367076775034486f4e554878487772565a352b684d7379714c64314e41674e754735704770463954546a6c617a39335645655752674646376b6d773070776c57575a56314a315450756d636b4d663841304161312f7742762f6851746c716c594f7737624a7969546b3952626148747453515672614576412f703875363465446e3561625a677a794b6b6d593442394e6e504571644e644263384f3273764f39325744744f333076673465367133572b714465756d734870377033474f3137624b3561567a4e492b533638306a32436c787a464262543849745632754e555278664e354f626b33333358772b5254502b34585a7073376f664c796b5550386d5938674d756f41526747312f684e4c4b70786c6e7365585a7955764d3872657433566e74536568724d6853354248626168676b575a457548645a6b74357562774e44412b36724c46742f7742516437784946676979704934562b464e4342374c305374627a4b6d546759724f57695750714c7648714758353654314c57765333323879502f4142754b49326d6639462f2f41434838786c2f374e2b6539623076395a386a65334a2b486e2f44666a792f693432715770783266346d6d6639765839553574302b542b5a2f71587a4b2f4d3335726572795363742b6238664c36742b6273766572574349314b504e6e53445839312f3356387650387836765036636e72633937386c3139533975792f4a6633565a55475a7156512f77426535492f53395831506c6a36584a7a66394a366f7661332b5836317637315336434c54736e2f7741682f50532f4d2f4d663154303139546d2b5030722b572f346263336472656f337448314c452f774475372b6e59664a7938764e2b58792b70366e4e796e2f6d6157356233374c3048706b576f79332b3765527562314f5831687a58357635317861392b323976436e3949327079482b74664e343372322f6d666c38312b4871656133392b2f766f7442467358352f6c31354c3639392b4e49452b2f313176775839394a694b35312f36662b3363722b6f636e6f2b6d312b4e2f43336a65677647316d6e3272663779326e6e78666d6244346548335669364870796d4e5170307a2f41464c2f414844742f774170792b7636766c3432356265612f75715844395252376e4873576e7950526d4c2f414644355a5056354c324837566178356a614a30462f36762f7742753376704169663841586675666653455274793962355a765739506c747278706d46575a55486c58366d2f4966377379663658384f6e7a584c666b396274743439395a2b654a5053657a2b37374b334654507a586277386231437a58395a772f4d32317462733430492f724f48356a772b2b6b4a377844664d6546506f5250654e4e36393962555367687476477a3674456f496e75456e6e384b496a636a324e362b747257714b35613432386e346e7a3371666b2f4634582b2b6f79353676454f776631486c4850796550476b34494c53576a6f54357638413362746c75586d3951323432344772474436305976645a396d78365262353730312b44674f2b74593838426d642f564f5538764a342f46546f597157662f567657507163747643397151534b483951503977664b65586c2b547638416d2b6e666d74342b464e596e786c553276314f547a636c7677332f56516f6c5a634f6e2f414a37792f77417630663372384b49466d66384157507a2f414d2f4c366c765235327665397233504773612f69656f63482f36717848514a376e2f75373566627636723674766b3476366638377a632f79757670386e4e727939314c4a3453426739694c6531746966563877507638412f562f36554c2b723870667a387671656e372f7755364479624963625a4b642b5a3456495a2f71506836765a616d4574777238377770422b735550586f584249743473664d577074412f57662f396b3d, 'Employee A ', 'on leave', 'fixed', 'driver', 'active', '2017-03-01 07:16:14', 1, '2017-03-23 04:40:56', NULL);
INSERT INTO `ld_employees` (`id`, `emp_pic`, `emp_name`, `state`, `contract`, `category`, `status`, `created_at`, `added_by`, `updated_at`, `deleted_at`) VALUES
(2, 0x646174613a696d6167652f6a7065673b6261736536342c2f396a2f34414151536b5a4a5267414241514141415141424141442f3277434541416b4742785152456855554568415646525555454251584678555644773855466851564668515746785159464251594843676747426f6d48525155495445684a536b724c6934754678387a4f444d734e7967744c69734243676f4b4467304f4642415146797766487955734c4377734c4377744c4373734c4377734b7977734c4377734c4377734c4377734c4377724c4377724c4377334c4467754c4377724c4373724c4373334b7973724b2f2f41414245494148674164674d4249674143455145444551482f784141624141414242514542414141414141414141414141414141454141494442515942422f2f4541445151414145444177494442774d4441775541414141414141454141674d4545534546456a464255515954496d4678675a46436f62456a597445554d7545564d314f7977662f4541426b4241414d42415145414141414141414141414141414141414242414d4342662f4541423852415141444151454241414944414141414141414141414142416845444d5345534d67515451662f61414177444151414345514d5241443841796c6c3042494c6f544d3442534e616d74556a55413572564b3171703633586f32416875585a46787775733355617449382b4b51323641706147326c72346d47786b62663155384d6a58693758416a794b383237327852634e57356e696134747630356f305939424c55307457546f7530543266376e6a423837454c5230576f4d6d62647039527a435954454c6c6b394e4b4161516d6b4a3554536747325358536b674246304c6963304949344b713751312b787664673550452b5852573741736871377438726a664f37486f6c4a77436447534274584f367a6b57504c4331756c646d6e6c6f654f597930725152396a377832417536317232786e7a574d39596876586a4d7738784d524f6556374a3951797846373235444177765371627349356f4c5875754f4f426b6e6f7172552b78627478366569583973485047324d55484378556d6e6167364b5463302b6f3557567071476775694742664852554261515466377253746f6e786c6173783639486f616b537344787a346a7a556a6c51646a5a397a48745030752f4b764846647543757558546270585148556c7936534148436331634154674579537361737a6f454736613775524f506461694655394e4874716e443978507a6c6358386430396836427051576770316a36585634592f376e692f515a4b30756a366c464e2f59342f436b79563057685a504b723678743056714655324a704f306e484163316c333635504a66625334366c3658347a4a2f6c45494e5869467548426557396f425a35747a4a586f332b707563646b724378334c6d4437724564726f774a52595a49576e4c354f4d4f33324e4664686f76424937397748775038414b3045697265794e4f59346e416a6936392f5a576b6f564d4a706a454253534953544972704c695341625a6443367567494a4c45687451705031575047433446702b4d4645787039564753476b665336363574343672363742517952674e696a6136344a4c6e4148506f7272526f5a6d654a2b3065495961414d496a5232416746794d72586737513045334b6d73767053444e586c4c334e4637416a6c31565a566141353548367a323248427077654f667638415a48366e45357061514f4856572b6d313748786832323345483147437559615772444f44544e6a4c506358456343514c2b57566975304e50766b5962633748797376556456634c456859577065413763546753416e463863384a78386c6c3069453945306242624632693474624935726b7256594f5a6b344178613478667068437974565650456e583967446d70746b5139716863756d5a6934756c4a416354676d70416f4a4d784573463049776f71456f4f4a78593663346c6f487355562f55423774674c727350494843426f704e6a73384372643062676538696674666131787a436c6d4d6e3675353232484b696a37306775653531754451442b45787a33524f5977524f3854724467414f42346534566c2f5754765a744d70474f4c57674835756f714f69326b7563347564314a7555725a44574e2f774253565548365a50565971526f373572534c6a764266355770316d7644573236425a4e6a44756249662b56763841324335703679764f77763577675a5771786d43436c437351675a4168336846794244504341684b34756c4a414d535353435a4a474645526c444e52455151466841304f7755647074575153783345483543466f6d4b5773707648673249413969737573526d74754d7a7252776a4341314f733770704a504a425279314e7644592f6c427961524e4b363872765a545469765a43514e644f375043364d31696b41694c5150705633702b6d694e71483161456c704179534c41655a344c6e524666696e3745526c394964317a746557676e793831504d7979304f6e36594b61434f49665333506d3435643930427164506362683772304d2b50506e315179684353684853684353684942584c6965344a49434b7936416e68716b5a456d526a47492b6b70693432436c6f714575562f4253694e70494751506b6f42744252675a36632f4e55326e56426b714a37384249476a3061422f4b7539476f5a58643635377a7463427348494871465855576e6479387450467a692f3350454c48743433345a71337041576e434d61315251446d6962715a576347345471436a3350334559622b55304336467157766b494e7978674e6d746153433578366e6d567279707336793758794d57395a466456553049344b30676f4a477446354c6b386e5a2b36696c70534f5373524b6970304e736a4c744f3131756d442f414173765855626f7951344c304f6b5a34535033482b662f4146515656463367494976367059627a4e7753576e72657a317a346576424a4c417a3863506b726d6b30336866696b6b6d532b6f7143334a48663059636248676b6b674c434b4d415741774653616e5437356a7346396a51343236692b346574724c6953357447786a756b354f7034576a355858424a4a51765153516d35414176644f3030393955582b6d4545655738386667666c4a4a566366456e386a396c38395275346536535333546f484d3565363457704a4a477261694450384a4a4a4a682f2f32513d3d, 'Employee B', 'on leave', 'fixed', 'driver', 'active', '2017-03-01 07:17:24', 1, '2017-03-22 13:28:54', NULL);
INSERT INTO `ld_employees` (`id`, `emp_pic`, `emp_name`, `state`, `contract`, `category`, `status`, `created_at`, `added_by`, `updated_at`, `deleted_at`) VALUES
(3, 0x646174613a696d6167652f6a70673b6261736536342c2f396a2f3277434541414d4341674d4341674d4441774d4541774d45425167464251514542516f484277594944416f4d4441734b4377734e44684951445134524467734c4542595145524d5546525556444138584742595547424955465251424177514542515146435155464352514e437730554642515546425155464251554642515546425155464251554642515546425155464251554642515546425155464251554642515546425155464251554642515546502f414142454941316b4449414d4249674143455145444551482f7841476941414142425145424151454241514141414141414141414141514944424155474277674a436773514141494241774d4342414d4642515145414141426651454341774145455155534954464242684e525951636963525179675a476843434e4373634556557448774a444e69636f494a4368595847426b614a53596e4b436b714e4455324e7a67354f6b4e4552555a4853456c4b55315256566c64595756706a5a47566d5a326870616e4e3064585a3365486c3667345346686f6549695971536b3553566c7065596d5a71696f36536c7071656f716171797337533174726534756272437738544678736649796372533039545631746659326472683475506b3565626e364f6e7138664c7a39505832392f6a352b674541417745424151454241514542415141414141414141414543417751464267634943516f4c455141434151494542414d454277554542414142416e6341415149444551514649544547456b4652423246784579497967516755517047687363454a497a4e53384256696374454b46695130345358784678675a4769596e4b436b714e5459334f446b3651305246526b644953557054564656575631685a576d4e6b5a575a6e61476c7163335231646e64346558714367345346686f6549695971536b3553566c7065596d5a71696f36536c7071656f71617179733753317472653475627243773854467873664979637253303954563174665932647269342b546c3575666f36657279382f5431397666342b66722f3267414d41774541416845444551412f415031516f6f6f36394d3539364143696a42464641414467305a344139364f706f356f41414f75614363304548765251414870526e6b5570424e4977776141413965654b4d386d6a334e4641435a70614b4b4144306f7a6e71614d48306f6f414d386d6c48656b6f35484e414230705165744a336f376967416f6f6f505767416f6f6f42474f6141436a7251445230474f3941426b6b64614b4b423933386141413936507846464761414369696967416f6f2f6e5251415555555541464646464142363041344e4236436967416f6f6f6f414b4b4b4b414471546a6d69696a307a306f414b4b4f31486567416f6f2b6d614f786f414b4452316f6f4143636d69696967416f42786e4e46424f5451414470525252514159704f314b54373055414239714b4b4b414369696967416f6f6f6f414f776f6f6f6f41505769696967412f48464646464142525252394d30414646464641425232783730657448346d67416f7a7837555555414646464641425252525141556836476c6f6f414f394646486567416f6f3478786d696741372b7446414f4452514155555555414646464641425252525141556870614b41444847614b582b45556c414252525251415a78526e6a4646464143447232705478316f2f77416141636d67414133556463436c5048536b6f414f324b4b43546a7254694f6c4144527761536c394b53674254317a363055556461414475614f3146464141614d596f37476a70514141346f4a4250584e46464142306f7a3769696967413971553838306c47654b41436a6a5059305555414830474b4b4b4b4144385252526b6539464143666a6d6a394b576967417a78696a306f6f6f414b4b4b4b41413866685251652b614b4144304e46413549464641425252514f61414438635564767051614b41447233464848595555596f414b445252514148673855555a4e46414252516544525141555555643641436b7a53305a2f4b67424f744c53557441425233785252337a51415a3446464646414252525251415555555541464834356f484a3971516442514174464646414252525251415555556c4143676a4235363055555541413966536a75614b4b4143696969674250384150536c704d66536c6f414b42776142316f46414252514f6330647141436a336f50426f487051415566694251426d6a76514155555548703630414646464641426a416f6f6f6f414d346f376d6b78533041483430415a496f50576967424f314c336f78516141455039614f314b4f686f343230414136656c4a6e6755754d64776154384b4148486f615447614d5a6f6f414d635a39364d344a356f2f682f476c484a6f415138346f41796142523137346f414f744a53397658365566786668514155554470525141447269675555554147614b4d6e2f496f6f41434d55556476786f6f414b4f4d644b4b4b41436a326f6f4854336f414252525251415a6f3769675a2f794b4b41446f54526d696a4a3976796f414d305548703730636755414647614f394a51417657696d534f6f354a4848427235382b4a2f774331666f3367727850656158624e48637832436b584571537238306d316a73555a354949783952536255647a53454a5648614a3776714f73576d6d50436c784f6b556b372b58456a486c6d3971344c34682f4862772f3850432f32793553526b327336496556553547632f5548394b2f4f76346c667453654a50466e692b54584a4c7a374359764f53316774334b65536a727477546e444d467750544f546a7458682f7741522f6978716e6a4b366c764c3239643769614d6c775777414141713865775564665373656476593631686c48576250306e672f6275384b335771586b45444b625733594262707a685a43654d416475667a335a79414361764439753777576c68637a6556637979776f3772487443475841797167386a4a58423967773938666b76704f717a584555734c5466497942795166765948427a2f6e33717a4671317a595362566d64596f35646b724535366a476666722b7456372f41484e505a306e305033462b463378613044347561493270614465783355635a43796f704f364d39675166353132754f4236312b542f37476e37517348775a3856534856637670577132336b7a375a50754d725a56774d343642682b4939612f526a34656674412b427669644b73476736354263334f464a67624b4f4d6a49474778373950513161617471636c576b3476545939497a52546335787a54716f357737696a6f54525251415564447a5165744a336f415850765252783874416f414b4b54307065394142525252514144703755556330554147614b4b4b414367636e316f505367386b5541413655555555414851436a48464a322b744c51415a3936536c7a535a7a51417446464641425252525141556c4c525141644b4b4b4b414369696967416f7a5252514155555555414a6d6c6f2f7a7852336f414b4b4b4451414837786f6f4a356f6f4154696c6f79614b414438614d555555414646464641425236656c4646414251654b4b536742614b4b4b4143673055554148307a514b4b4277667251416e576c347766576b4854365576725141716e6a464a786e762b56414f4b4b414537556f504f614f324b50782f5367416f704f394c5141666a52306f6f6f414b4d385544484e4146414251415452522b494641426e6a48664e424237394b4b4451416f79435253644b5155646a5141765966576a72527a6b55643641413954525165706f6f414b4b4d5a37696a765141666a52307852525141412f4e6d67555566705141555a6f704b4146724d3852616c4a70576a33567a4171535478706d4e4862415a75774e5870703434493365526c5246475378494146664a58375448375439724444642b48664364354465547177533676346e4c4a45446a3556494f47596b343976656f6e4e5156326255716371737249346234332f414c57486a72544e546e38503230647070467167386b33734a456b7a64465a67334979446e6f46353756384f2b4e2f467478716d743351744c6835496d6c66424a4a33645431373863667258512b4e2f466b756f366b30736b72586246354844347879784f336f5066394b344b344d56767061537753426d614e464445594a4c5a7777397764772f4b73594c6e6432656a5574526a614f356d6178725534467848387a6c704d354833755366382f6c5766445a7471476d336b42423832516752506a6f3252787a2b475072547035354e577572695a7a2b39634279454f4d4867456a2f67527166785a634a70586831556a78766b632f76566242794d594a39636a4850583952577957707a564a6675307a6d64433358467635537552745543514539386e702b5664625a33455531717473385879534479747a48726b45446436594a2f5775553052626935302b62556a486a7a4a4742596a35584136386539647446706345326a4c494a6846357162466d6a354734413433656a63597a33414e4f32704b664c416f574f71334f69716c6c4c4a74683547356b7a7435366e394d392f6c72752f434773332b6c61684863324e354a59334c49646b6b4c6b4c4b752f636679504f4f2f366a7a473331566f4c7a5a644b3039744d5164787a793371446a723966552b3965702b46346f4c6a533771474e7731784669534658544452347a6c6366544a34366e7031704f4e39545745394c4d2b3476325a2f3237347037642f44507844597266326f327736746e4a6d41364c4b5037324165526e4f4b2b782f432f6a6e516647466a486461507131727145543477595a5178353952314851312b4a64323033324b32757256514c7843517173426873636c44337a36453859424858466435384e2f69526638416861377439633032355a4c684855395375787367474d6e4f63486b5a366a31786b6d655a6f4a55497a316a6f7a396c733074654a2f733766744236663858644249646c693153326c38695258507a4f4d5a444833786b483342723270573344494846614a334f427078646d4c53306c4b44544a43696764714b414369696a50765141555555642f5367416f6f2f4555476741357a696a6e316f504a7a5144375541464648705161414369696967417a5253557441425252523655414646464641425252525141555566694b4b4143696b7a533041464646485367416f6f6f6f414b4b4b4b414369696967416f6f6f6f414f346f6f2f455555414646464641425251434d30447051415555554767416f36385564364f687a51416c4c5252514155647330556670514155666e52514f3941426d69675a39614b4145374836307039614b4430464143347963306e4876522b4e4b4d456539414465314f77415253412b74412b397961414367444a6f6f6f414b4b4d3448536a2b4c384b4141347a336f4e4861672b31414236555544714b53674261505367396542523246414252525251415a354642504e47654d64364d344853674139666569696a7651414c3146422f72522b6c4965672b7441432b7446486330554148656b50536c334430704f31414346674153546743754d2b4a667861304434562b47726a576461755769744973414d6f2b2b78364b436543665956316570586b656e325531784d32324f4e437879514d34487658342b2f744c66486e55506a5238534c79346b6e61545372463368736253492f756b415938347a676e484a6170637247314b6e7a7655394d2b4f66375a57702f466d57577930757a625139455758687a4d544a4b674a436c7363386e4841344841495057766e4a664573304b5465624d52476934497a783875633439756638414f4b78557635323057336552396a7a584f344b704a7a474341684a2f50387857464e715a6c74376f446764422b492f7846636b6b354d3969466f4b794f6b306556645a53534c7a4e6c7849754932412b366335582b6f2b68724d3855515177654830634b4d327a6d3375492b3859794d4e2b65442b4e512b44723651784a477369724c4346564d6e493364682b4a774b5a347231533331547a6e694274745638734c4c615947326451423879396a67446e6f6655487257384659353679356b6a4f3057424775597270304b517a5465533746736a6c526b2f3939552f346757366166493170634a7657496951486b414d447765443049494f5063315a384d424c76776863676f4a436845716a635132344167727a332f6e53654d39566938552b4762585549673070695479705858717542675a39694d6e32494e57637a7531796c6a5174507459504431747032386b74496f6b6b42424b75332f317a7a375a7271645774625477334774704b6a4c5a334b625a5558414b75447733706b5a7a783141727a66772f6475746a65794b34646d6a564d453754786a356a2b434c7a396657756d3854612b6464384e324f724975793469774a597a786c6965546b64446b453536672f685658495558384a4a4234632b303650646f794357534e4e3845696b4849567a6e746b38534448305070554a7657307352794a4d3844516b4d6b79672f4a786e61324d394d3963644d566d365034337437533857463477756e33597970775171507a7752324f535278786a41394d566454315646526b414d736242556e2b66766a456367493975435277654b4e79597070334f77547842464a63417a7142484d69377a4879753771724b41656551446a31465452336775576b6856466a2b32686b2b556c5653527337574874754b2f54504f61386f68314e51476753346b6c67445a564a427a4766565432483656756162726b6c6e4b717a465a5635354279434f354872782f4f735864486f52635a616e705877702b4b2b722b455045466e65323932304e33453674356537687744673548545079344f66546b63632f6f6e2b7a6c2b31395a2b4c7239394b3136366968754a7972515736672f754d6852676c6a304c6b6b415a77474147514b2f4c6a55344261366d6c39424b664b6c49754d446b4b3579435165774a412f4d5647504638396e7236366a62795845562f48494a51695a4345444233413951652b4f6348506269726959565970376e39414d6269574e584849595a703357766a7a396b48397450546669445a32506850784f34732f4547785261334c4562626f455a43734d2f49344862702b677237445667796767676739434f52566e424b4c69374d5769696a4f615a4955446969674848624e41425252515437596f414b4b4b4b41436a316f4278327a525141555555447251415555436c4278326f4153696a71474e4641426969696967416f6f6f6f414b4b4b4b41446f614b4b4b41445075614f314136696b3755414b4f54696a4e4a6b3076515541464646464142525252514155644b4b4d6b644b4143696a4f614b414369696a507451415555555541464646422f7051415565744642346167416f3950656a4f54375541636967416f6f4a39714d3041464646464142526e464648725141556468523630643641447161516a464c337a326f59352f4367414e46423536554559363041483850343072644b546251546e70514141347a5355704f54536574414330596f505767644b414369696a306f414b4d5555754451416c46464234496f415470532b6c48664e42366d674137666a5355744a7851417446474d5a394b4b4143696764614d2f774136414367394b58426f77614145376e3655795752596f69377346525153574a41417032526d766c4c2f41494b4266484f54346266446d487733706b7a70725869414e462b346b325352516447665055416e6a746e73654b54646b56474c6b37486b6e376348375969797833766776775a7243535775316f4e5175625253643763376f316b794d34774d34486647612b454c5765473576597046494d614c4f374b5076453763442f32584830724a31322f6e314b35645353734f5170494f53546e6c5166356d6f744e57653376456d5463766c7067736f3450586a2f507455626e63725230696a5531693969304e3948325474635769534f7253507744382b4d5a394e7058384236316a36394d4e5075626c597478743278744c6665794f6f50346b484876563937582b3272615731494b506e6645583577324d4d5078774f6661706f50446478504345756c4262594559452f664148482b4765395a53616a75647359796b6a41384e3676487032754c396f502b6a7a4971763664427450356b66723631732b4b37434353517953524f55596c6959767649656f5963666a6a38666173362b38477662763870797544746650726e6a324e61326c773354326e3261366a6b6b684855723935505268366a322b744a5353314432636e6f5650434a6c6a68753751736c316258677a464b4f4276376738343534794f76747a575470392b326736707146726551736c744f647338544470312b62333667354861756e6738483339724f302b6e736a4d3241486a3433397875513866353656725850672b6256724e57764c4879372b4959794f4177376738645072362b31553673524c44536232504e376a5470744d38783762444a6a63437037635a34376a476130394d31694f36306154547043564b735435546345672f33572b756576494f4b365a664338734b6d46387750475075746b6a48486631485931413377396c75707956556232786c6f787542394f6e2b522f493970456277386c304f4b58535a746a5047766e5737355752492b336f3448626e386a5242465035592b6263792f644c63423150422f6e7a586f38587732315730335351517a4b554957574971546e746e3348622f4a71335a2f44713531416f496f696b724d464b4d707753666676307065305176717a5771523549316f364e6e41526c34626e4a2b6c574c626535575041486c386a505448745875663841777a39724c5378474b786d626647474a4b597a366a507230775072584f33667775764c4b52346a61465a6c4a442f776e504e4c326b583142554a726f63336f78476f5754324f4335556c4578314765632f7743665371567870317863774b42504c484a47334d636b4f5636383450515a48504a466448622b467276543767536f736762647a7458495034316833467a71632b72744b6b68736e692b39494649446a7475786b342f4371684a50524764576d37616e526166666e516a596b5365546552664f476a4f47525163685233427833395258366d2f73556674474434742b4554346531655966384a4670456171486b664c586b486154366a67483844337858342f7244644456353779355979737a414f587a39414237597a69765650677a385839552b45507843304858394d6d436d46776b7973506b6c546f794d4f34323548354872576d7a4f5678356f3265352b354761556e4e592f684c784e5a654d7644656d363170307154326439416b3854787347424241504246624853744468324369696967416f3747696967416f6f6f6f414f3946464641425252336f6f4144304e46464641423643696a316f6f414b4b4b4b414367444936696a765251415564714b434d55414646464641425252316f6f414b42314e4641356f414b4b4b4b414369696967416f6f37666a52514155656e306f6f787851415555555541464646486567416f6f3730643641436b50536c6f6f41443655555566316f41425165706f6f786d6741364846464855356f6f414b4b4b50536741396151486e72536b66656f2f476741786a33704b587161434d6436414648536b417a7a31705636556e546a7251416c4b4f744a6a6a507653675a4e41414f614b646a41707441425232783730666e53665530414c316f6f6f6f41445133576738305a7a514155656e656a48476144787851416d4d307676514453593478514176745252372f685251416576765252522b4a6f414b5139423961553864365472514170484e474f5251546b3048696742722f4b43543048577679422f625438657238512f6a647242587a497261786b2b7969527953634965654d34484f65426a483172396572773762615669514d4b54794d312b476678633161545776474772336b6a724c4e645830397a4d3459734353374567453966543656456e725936714b336b63484b556470354555434d452b574d38716f357a6a33347262384a654539563855326b6f736f4a5a456a4265516f436577322f7a4e562f44766879363854613361365645686557636a654648516e722f55312b695077732b46746c344e384d32396e44626f737577655978586c6a6a6e4e636c6572796149395443555655626c492b5750412f774144395676555735764c5630556b42504d5442417831392b4f4b3957303334453273717843533255456e6b4b4f76314e66527961524736496d31514d6347724d4f6d5252796e4337746f3656346c61724f55747a36536a47454936492b62472f5a3530387a74737438354a3362654b31744c2f5a74736e634d30506c63674c33782b6665766f327930794d6455414a3638567457756b5267686d7756413659726d3570767162755556396b384b306a34455745536e4e6b7541536f4c714475392b4b6d6c2b414f6e334d77427455436b3434584742396574665264707030657759414874697263656d4a764a433170464e39544357495565683830792f7376574e396847324b683532424d394f6e5046576258396d697a3036587a4972533276565166634337436f3942317a7a7a69767068644f4337514278365663733742597a6a484a354946644d59507563303858707366503841622f732f326b7949625965542f7741396479416b6e766b6d746d782b416d6b6d2b686165316a4d4b444138744d445054317233564c534a53435547514f446a6d6c5730443938666a572f496354786266513461782b47326e326b52524973524b6f5651787956774d44424e5956353847394775326c65577a6a6d6a5a743232574d456275787a2b5835563676396e436e72303961624e486b66536c4b4b4d3169476d6650336962396e48524e57302b525962574b4b664277484741665163662f4146712b5a504758374c38316e6333637355496659752b49707733484f4d66586a364776304e6d693559592f437566764e446875705765534d5a50544e5963306f4f385764304a786d7254522b5376697a345a58476a79534f6b4469474f5251305a34436b6a395055666a3656786b326a4732754a493255493675576a44353234497966354438712f576e784a38462f442f694f43614f35675464497055454c3930344f442b47612b50503271766741336762514e5031617768453467635738727176473359517248387356364644454f54555a4846694d50464a7a707339392f7743435a58784c68317677447258684b57376b4e7a706b34756261326c6263466863664e7350707537652b636e5048327433723877502b43622f69534c777438617276525744794a72566a4949696f34556f77666e6a6a6a50667658366631367132506d367174495769676454523135706d51556574464136484e414252522b644641425252516141457065394872375555414646416f6f414f33316f6f3766536a38364143696a326f4f515251416444514b4b4163446f4b41436a4641487652514165744646464142514b44515269674136476a46464641425252525141555555554146413647676466776f42346f414b536c373055414851346f6f366d6a746d67414e4855356f2f4f6967424d5a4e464c30356f78672f5367416f6f6f6f414b4b4b4b4143696a4847614b41412b31484750656969674150426f2f4369696741396665696a7252314e4142314970543934436b5530726471414542326b30446b2f576745444e4c2f4b674276616e45593655326738354e414467636e725345594e473746424f5451416c4861696c6f41447766616745482f396446424e414252516144316f415450624e4b52672b3147614b41416a412f4767636d6763476c7a6b47674242525252514148326f46464641425239526d6a73614b41446a305035305555554163763841464c5754346638416878346e3146554479572b6d33456971546745694e735a4e666942724569334f704b3466354a647a6c7a314a2f77447234466672782b3258346a486833396e6e7851784f3172794e62494d446a627659416e3873312b506d712b5847737a714149347a355345636b6e7638413539367a667848645258754d396c2f5a4d3061472b38617a616c63674d6b4337555064695467666f4b2b383464734e736e79347a7a67486756385066737170396e7659386636325273676533417a2b48617674783332776f42674b4641345065764a7275386d7a337145556f70456c732b517a4e7832465859774e6a48715478394b79595a6930796a6e67354f4f6c6163522b596b3578373135456e646e73714f6865672b6247526e48657465307935436b3472486a426b59425478576c4357424247505368454d36433055626756504661384b4174674472584f32467a73474d66696132726159456269656136494e486e316b7a53323754366e3071574942666d782b565531754e7a652f3071794c6746754f534b37453065664a4d75424d727a78546b514b75514d564173764f4f7453764d7143746c6263356d6d4c73445a3961696c6a43386436634a4239376f616a6c6e4250734b6d545668704f35546e584a505053732b646570423571356354727a6971624e7562323731775333505470584b5579385a373177487877384f522b4a2f686c72396d363550325a6e586a4a44446b6679727637674138633539616f3633617263614c655279637138447133304b6b56564f3939445765317a3835503258395758776a2b3046344e6b6b563278714974584b7468674a565a4f766f4e347239656732545834332b46726966512f696a6f6c7a5a77726358746e71635573536633326a6d2b353954674376324c744c68627133696d6a356a6c514f75527a676a497a583063486458506d4d5172534a714f776f505769724f514b443339714d30756141457a3730646143614b4143696a4e46414252526d6a504e41426e384b4d6a362f6a514f4251546e4641435a7066787063396542535a6f414b4f6c4641504e414252514b54746967426369696a4e4641425252324648592f5767416f3639364f346f363041464647614b414369696b6f41555555555541485367394f4f4b4b4b414476525252514155644b4b4b414436383055646a52322f4767416f366d6730453855414648345a6f6f6f414b50772f57696967417a2b56464a53304146464646414252365555554148633066776a36305a6f7a37554147615548464e7065706f41556e6e67306e592b706f7a6e74696c41364767424d6e3170547a6a76535978536a7251416e5850306f79634367635a6f6f414d38356f484646424f614141644b4b4b5062316f414d6365314134364767306f343655414a315057696739614f68364767416f492f476b7061414539383074412b6c486567417966576a4a39614b4b4143696763305541426f5042346f7044306f412b56762b43693270506266424330746c644657353153454f70504c425178414834347a5835575874776b795730414c452f4d3542484a592f774347612b38762b436f6e692b3558572f422f6836453772654f42373252632f7741544e73556b6532302f6d612b425664354e586a6a436c6d4149505055392f7744507657543375656a5430676b66532f374c6d6b4e6461396149526b6f4d7375635958312f7058324c4f3549435a3479546b6574664d58374a576e47652f753778467745556c704f674a35782f583868583037637067446731355662646e7555744c45646f4d533450412b7665743232556c534479445742483872416a50427270644d4f39426b592b7465544a616e7271576850626f56594374574647594141632f536f6f37626b486f65316139706267343735716c4673776c4e49624262634134712f424336714e6f7a2b4e57494c6342736b63597139426242635676476d636336714b6b5263535978312f537443474934352b3936314b31734d446a6e7561734c454d4b65396455494d345a314c6b4942566636306e6d4567676a5074697035597768795734393656626346522f57744f566d584d69715a435548474b7254534d50583372536533394f6c52797741726a6a36316a4b4c4c6a4e4a6d484c764c2b315135614e674f3370576e50626c636b64616f5449552b3958444a4e486f516b70624545764f61716137695077336679506b425958596b6463415a2f7056786b79654d6e7056587836686a38426134796666466a4e794f4d6649613673504739325a563557736a3874744431527266783631357532665a7454613456794e77346b5539423148484e6673726f39304c2f544c53355253717a524c4946394d6a506576785673484361752b364e38426d4c6b484a3535342f49562b7a3367753453363849364a50487a484a5977757041783870525350304e652f54325041784f362b5a733055447452576878427a6a7669696a48464a2f6b55414c5252525141442f504646464641415366576a4f4f6c464641426b30642f65696967416f35396158487653643641415a357852316f6f786a464142514363653146464142525252514155644b4478525141646532614f7446416f414f786f6f6f486567413655555555414754363059397158614d5530647141462b6c48576765744641425252525141646a525252514164614b4b4b4141394b44314e4642363041464872525251415555556f486567424f3357696a384b4f2b4b4143696967444a39714144396150306f4646414359362f576c6f6f787851416454696c413936546b63346f506167414978533549347043633045633041423570503070534f425473444f614147675a3730436c493238696d30414c526e324648656a74514155556667614b41436a7052396330636539414142786d6a4e48384a2b7448344767416f6f6f6f414d386967396672516544696967416f6f6f36304141347761542f476c505848705251416436536c35363153316656626652644f6e76626c746b454b6c6d5066384b54615375796b6e4a3257352b5a482f4141556e6e2b3066484f32696a597338476c5137384134584c4f526e382f3072354c30437a4574786358447438324f434430357236622f626d38555165505069644871396a597a32304d6c6f746f30737042334f724d464978302b56687765344e664f316f6b46756a5947493148414863656e352f7742613531555531654c50585647644e714e52575a3972667370615573486861624730794f77336e364469766370454163672b7657764876325334444c344e6536786a652b3163485062503838313746654b524d3638674664774e655655625a3638456b797155447934515630656c516b5244494831726a5045336a62522f4147686e5574576c4348475567555a5a2b76412b74664b5878612f617a3853363549396e6f3067306d784249433279626e503841764f6570396742575073584d32397062512b39494c2b794c72453133456b6e58595a467966777a577a613668624f7755544a6e703146666b375966456e786c464d4c3076644c454d417444466b763841552b74645a422b31443472306244526c344a457746615a434d2f5849322f6b4b326a52614d5a74535858376a3954595a6f336241594772364e6a7232357a58357a2b452f323476456a5864756c306d6e794c6e456e373039505867667939656c6539654550323276446d7232323355496d744c6950416b474274427a6a47633174794f4b753063764c7a614a6e3142484f6a6e723039613049575459435478586c2f686a346c61523476745675644d756c6d424f5375656137535055535547443237564d61696a7554556f4d326e4379726759625057674c73347a5756467165434165423635705a4e5868684933797141633954562b305268374b6578723434344f61695a63727a31394b356d2b2b4a47676158457a7a61726252714f4d744b4d452b6c655a2b4976327466412b6a7649683156486b51452b57696c6d2b75415072564e335767527054765939706d566359724f756b476552783631386e36372b33445932307a4730534e34414f4a5378774478674559794b77744e2f626a755974575437526177336c704a742f64416c58476575434d6a38386668584e4f456e304f794565587166596159446b34347855506a47415848685057594d2f667370567950397731795077752b4c66687a347261636c336f31336c796f4c32733379796f652f48385148714d69753138534e74384f3670786e2f52704d6738636254563059754b647a4776724a4835465773757a554a43584d61426d54385467482b76483172396b76685959582b4766684e3764537344365461736973546c564d536b44384f6c666a54637546762f4c4f544554495142366e502b4972396c506854436b487778384978786b6c45306d315545396639557465764459386e45376e563055556c61484548464c526b6a696a4842397141444876526a4646426f414b4b4b4b41444e46424f52525141555555554146474b5054336f6f414b4d35785252514155556c4c514155554767446e46414252514b4b41442b74416f6f6f414d5a49704b576a48424e41425252525141596f6f4e474f545141555555554146464646414252327a52324876525141555555554146423748316f6f3942514164364b4252514155455555554147534f3948664e48346d6a38364144464646464141656c48656967554146464859696a745141413963304e51546e46487051417036556e5a714142394b44316f4144326f7a5232783730453863644b414650336853647a5374312b6c4e2f5767426153696c3735397141447561536c48536967416f6f6f7a51415544714b4b4d6e4641414b505436556651356f6f414b556664393654745163452b7441414f6c4646496141466f2f77704b57674242794b2b62663277766a526466446e54744d3066546f49626d3631414d38697a5a4b7175646f2f725830687579537670307234632f61515a66487678797449493238793173796b624e2f4346515a6b50307a6d764a7a4f73364e47305871394436666833437778574e765656347754622f5438547937786a3455746648396e424264787062336e6c4c6353516b35654d455a34395267394b2b622f41426e34556b384e366c4a617570525932774e77787a6e2b5272367575644959654c42725479684c613244504c7536466348492f496b666c586c58782f774444714e507064374579474b634f4e353442414b6b4b442b4a503531356d42714e506b7566513570536a4e63365839646a3372396c4b3265443466786e494d6275647264794f6c6577337359596563782f64784162694f754b3444396e725347307a346632716c5346644e36354f634139422b746569366e446a5470674732376c4b672f6858584c717a78657476512b65664858683266346a654b3535353255324d5232777779456b594874555670385064413057587a726932743259446b4162526a33413450343136745a3658424e62757178784b52794344672f3841317858422f455052625054724361347662345252454849516b635678797153657a50596f303433733059463334383849615249624347424a4a43332b6f7434444933354b4361796455657a313644642f7769756f7a62756d625149442b5a42726837543479364434535a3762516443754e517669334c4d75307533726e72575034672f624f38656547645467323646706d6c517249455979776d56694d346271526e412f6c57394f6a4f65343675496f5964505179764858772f3074476134757644643970796a4a4567747a6a386470504831726b644f384c3658646d4d577570754554355644755474483933505544327236503062347865492f697a346c6c304453644d305878626269784e30756f32455432696e626a65716951636b456a48514535394b386538562b4534377658356c7462633648727173533168646a79692b4f773748325065756955616c4a62757868546c5178577355722f41496e7550375063302f682b2f69534b354d7352626e4c5a79446745593763382f6a3756396e61544d3838436b6e50414939712f4f583450654a376e54396274684b476a3279434b614e754e76537630523844757435706b514a44626c422f5375434d323538724b784e4e5267706f3035476c6a5a794d3548514e3072775034343678726b326e5869615a35676c6b506c786853526c526e7239547a31487232352b6b722b4245744f5274774d5a7235592b4e76694361306b654f7a547a4a5a69566a51666566332b6c56556c374e6e4e68492b326568385a2b4c5043586a633372764a7254744f577952357531554838783942542f446667445772325259745438555152524d5645696a35325a522f446c6a30397136323967734c4f6237623471764669692b5a76494c6b67416637493550626d753938412f464c344e50703177386d683339316257556562753767306c356f6f4d645763344f3064386e46644d4a3170713044747134624430587a56582b4a53385066733565463735673139724e7a636c787a356271765072674469757166396a33777464514b2b6d333131424b454f475677446e746b343572623062522f68463856625235764357714c61336e59574d70676e6a50596c4f682b6c574e45307a78683443315437486458583972574f63785842797246665139736975643171744e2b38376d73634c52724b394b7939546d504458775738522f436e55344e55302b3453535743587a556e526d7965656a594866484f612b79504675734b6e772b31585551516f4f6e4e4b446a316a4a36666a58472b44623836784373647845526c634d6a477250785745396a38462f45634b67764a44614d7359626b6c526a41794f324f4b363454356f335042784e506c6d6f32507a443143774b7a626957615a795172446b59627566777239595032562f47563934712b45326952366a62724663575672484172726e45694b41716e6e76675638482f416a34544e342f6e31436556586c67745a4652516568796d646f505934552f516d767454396c4f4c55567439652b334152717369787757366663696a47634b5036313066574c59694646655a6c5577555a344770696d3959322f463250662b744b33616b6f72314435634d6d676341305565767051415a39714d346f39614b41436a302b6c464641426e3246487652526a326f41446d6a76536576616c6f414f77464646464142334a6f6f6f6f41445252526e6755414766595555555541424f44326f7a3743696967417a525236556c41436e6f4b4d2b314872363055414857696969674139714b447a316f6f414d356f7a5251633766365541414f4b4d354e47656e62326f6f414b4b4b4b414369696967416f6f6f6f41506169696967417a37436a7165314642356f414b4d356f355061696741504a7a5252304e487651415555555541414f445252363066674b414570657653696a70673041464b527750616b35627454686d67427544696a484f4b4d443170534d63304142344e413630684a4e464142306f36346f78526a326f414d66536a4239714d5559323041464a5330596f414f707a526a4137556533536b78306f415876525231356f786e4e414152696a48414e46494f6355414c526730456330447251414468756c48506f614d6e6b394b4d6e316f41626e4239362b4c5047466f4e4838552b497070464a6d2b3153514b534f695a7952394363666c58326d655458796c3862744a57313862367576524a7a3577423953713572784d31687a553479374d2b7534627138746570542f414a6c2b54506c483431654f6230614a4c5957774d496d4f795231344a48635579434f3738622f433353356275422f39446b74774152392f615446752b6833412f6e396132764558677133316d385a636952354a424775343547574f4b364c557a6236667145656a4c4352615752676951644d685a46475439652f317277384e4e4b61736a376e4d3655493464526a7566526e676e53686f2f68625472554b55327772755539516356706139446d474b4d726c4755352b74533254475333747a6e716f794b6d3151695239754d37567742366d765a71624d2b4868724a47467058682b4a6c79323742344f546e41394b3433782f34626e74424b706a57373074782b2b513438785039706637333072303353344e7a2f4d4d50774467385676766f5a76493972756d434f686a422f6e586e71504d7249394e56765a79757a355830667752346376585357517775513235585842556e736659317361682b7a743449385a53435455394e744e5379345a674a5443785048707839654f61394e385866413650566e4e3161464c5337366957335149782b754f442b4e63764438466645367536707137525368687945474d65763172576e4b744232746336357644316f367a74386a6f76682f38414344776e384d355a376e773559726f2f6d512f5a77777552497769484f4d746e47546a703656785078503841673934553861534e635839375063584376754530626a637042504f34442b7638685862573377587531776452312b2b6e68366c424a7358366359707478345069746f7062477a6337482b34584f5437742b7462564a546b7665566a6b70526f30353370753739443539693842574361786458316847587433436f736a663874484463762b677236392b47386a52365461676b5a32714478375635424a6f3846766551574d4b6a7934546a50624172325477644435467447716b4d4f4b34615773376e5669316569645a726b753631497a6748676e3372787a785034446e316131314b4f7a4a572b6e4151544c474764492b76796734484a366e725873477252705062375467676a69756575624e376d496d467a46506a43734f4f61374b6b656165703547476e374b46346e7a4a346e2b4174685034443851615a6261624932755435386d34756c2f655434494f33646b3479426a7233723558306e344b66467277356336355936627065717765487455416a766f597250506d6f50346478556b44735370475277654b2b3966464e373467384b336a584574753273365733385543467049765a686a6b66546d73625350696e34656b6b614f61575333636a356f4a4a47544239776636317448452b7a307659374a3444367775644a53366e7a2b506748702f682f34593655424450612b4c6c597a705059412b6242754a4b6f7a4c36652f36594665722f4369352b4963466a5a3247765178617445716675376d54444f467a7748392f77444f61394a7476463269537874484162663579446a65474a2b674a72702f44646a4c63532b596951785138664b736e7a7439522f53734b315a567445615536437773587a4c556d30694f61466b4432717753352b62614b31766942596e5576683572634b6a4c505a794467633532316f437a6a556838486344334e617074557638415435376469437369464350596a483961716a31696556695a586b706e7a372b794e6f4d576e6643714b3749445358467a4c49785164776366696344396139782b442b6e485339553175454b56526e4c394f4f534d6631727866344e773348672b7975394a65625a6278334569684d63666550492b74665348674a6f35724f356c586c326b7766706a492f6e56555033324955757175613435547732456c44645373645452525258305238554646475065676a6a726d67416f6f783755554141356f6f78525141556d4b55306d665130414c52522b4f4b4f39414252523630554146464646414251426b65337052526967414646464641423378525364442f6a5330414642474269696a4f6141436969676a3861414369696967416f6f363055414641394d596f6f36484e4142525253646141466f704b5767416f6f6f6f414b4b4f686f6f414b4b4b4b41436a4f446d69696741412f7741356f3976656a70525141555555554148536a50504e46464142314a70636e625355686341646141442b644c6a486356586b7530546b6d6f4731574e654161414c2b63644b584a77666173356456516e7255306438723936414c58486f615538347069757244696e6e745141684246464b63476b6f414b42526a7053647141466f4a79614d644b414d6a496f415057696748696f705a6c69556b6b5a6f416b4e4958415057736d37316c49632f4e697365343855786f324e324b414f74387865782f576e426765687269592f4653467676316f326e6942487838394148546365352b6c4655725855456d417961754b5152514170366d6a6a38614452514168365576666e72514f74422f7251416e5556383966744a36596450314b7931566b4a746270504a4d67364c496f50422b716e6a3357766f624f436542574e3471384d575869375172725337364d5351544c33483357374566513179346d6c37656b346454304d4269767165496a57366466512b43745a384754522b467272566265647a4f377338414178733267484a50726d755738526133397630617731755642464e4e626636526b6638414c5258436b342b6f422f47766f6e7856345750675051583057664d7a524670453364315a7533746743764166466758567445314b4a456a696131547a455841414179475034385638704b6e374772796e36513854396170536c75746675364830763448766e3150514c4b637477595662424849424854384f6c6162536270565a67636e42727a663449616c63786546375a4c75637a504c6137764d626b2f6532394f3242327276444c76756746596c51425871314e55664d556c61566a70744c6856536e63393831304e736f48474d2f55317a2b6b545237647847446e714b33345a777758427766577334524e61743261416a56774142673938556a774a4343565145395478546f5841556b3936644c4d4651734d632b6c64656c726e6e3633736a4931533333516b4e6b3859774b3448784e6543794a386b6650747742337275722b366551534447563743764c7646393348466362704364334941466564586c70593976435231314d6a5437497a582b396a3832374a72316a77364653335642685350546a4665572b486270627164696f4f4d386a707858712f682b44495534786b594765395a554936364854696e37746d624e374d455245595a39617a314f78383534506174532f737479673437566c68312b36654258565554543150497063726a6f5374624c4b3239414f6547584857736a5550424769366c75613530793175476272356b49622b5972637448326b4c3237633170527842675741473464617548766f695533546568782b6d65434e44307868396e306d31746d36683067554566705732326e51767873446763674d4f6e75443272526c69444e7a3036347853424163676454567546684f744b577479674c55784b414353422f653631653078734f523278544a69565441394b796456315961586f742f6545375442413535395170782b754b7a696c47524d323577314f553043437a766f5a58386b4356726d5535484f5276505039667846657465427250374e5a54735075752b463938446e396331352f6161517567572b6d57747462744c647a784463335a54787a3764613961306d7a466a5951515947565562695058765856684b64366a6d7a444d7139364d6161652f774368636f6f376d69765a506d516f7043774170686b55647851424a5254424b445467326141466f6f6f6f414b50722b6c464641422b64424847615130767451415555484850416f373041476339656c4848765251653941414b4b536c2f41554146426f6f7a6e73614141674139364b4b4d2f6a51416e3836586a336f6f6f414b50706d696b7869674261536c4e4459347851414369696967414e48666969675935346f414b4d5555554146483836516d6a496f415767666a52324e464142337a5278327a5252514155555555414646464641426b346f6f6f6f414b4b553867556c4142526e426f4a78564f397646685530414c64587177676e504e63357166695a4c664f57724b38512b49566752766d787836313542347738656933562f336d4d65394b3968704e6e70576f2b4f6f347966336c5a582f436471352f316750746d766e44552f6959576c4938333961705166454d73342f652f7258504f716b64554b4c66512b724c5478616b75506e48353176574f764c4a6a42723566305034674232554e4a2b74656e2b4850464175647033352f4773667243627362764453537659397a736451387a47445778444b4848485776504e463150667477633132656e334738437571453149354a7763545678526b2b754b5148497a53347a5770674234507636306e616c6f356f414d342b6c436e414e484e49614149357052456d61356a57646145436e6e387130746176504b6a62427279667868723568522f6d7831704e7044537551654a2f4734745133377a70366d764d64562b4b79777a45475876363178587847386247424a66336e543372357a38526645562f744c6676546a4a3731684b6f6f376e56476a4b65783965325078545756782b2b48307a585a614a3851424b56784a2b746642656a664561627a6c7735492b7465762b4476473073356a506d453539366c5634334e48685a57507476515046697a37666e2f57752f3033556c6e5665633138732b4466456a743565574a3664363977384b36775a49304f63317570706e4c4b6d3473394b34493446484f654b713256783571446e504657765446575a41636e725252526d674170434f4b576967446950694e384f597648454d55714d4972324653697377345a54324e66494878472b4532732b467037324737745a496f4a67554e78734c4956363952394b2b396363396170617a706b6572615a6332637171556d6a6150356c79426b5936567731384a43732b6671657867387a71345750737434732b4a2f43576f6a52394a746749585268417352326b626543633537487142586f756b61736c357044585a3564577735423731782f6950773433683651525855694757466d5230774f4347494f373873566c364234676b6a307a57494766393335696b4448335351667a354e65524f664c4e785a394254697078556f6e72576b3673686b336d51594a774f545858366466475653434143546d764450443275757747474178334a3731365670657447534e63796242363536316a436f6b6474536b3761486f6c766368414165516630714f3975565657357a3378584c523639484777473844386169314857675544492b5342797672573771706f346c683270584950462f69714c51644f5a6d62447638713539543072427462533276346a63584f4a5a4747636e6f4458412f477937757459384f54525772374c6c506e5431424849483656346a652f487678646f4969696654646a4159496d4a4562653252394b35472b5a6e7530614b564e4e50552b6d3757474f3131466d6a5a55556b486236313664345a6b5755527370397858777270583754456c78715377367070317870567765424c753879456e3349475239635939362b702f687238516f745173497a4c4c486e4751775042725346366374555959696c375344355765333359566f31594d41534f6c594633626b76754977506175633133346d57656b57627a58553055454d6135655753514b6f2f453135666366745a6548764d4b517733392b564f4e39766173552f3736624150345a727171314979504b772b4472725a487441757a614d45626c5363444e583766566f58594176744937644d31785868587841504746736d6f474b533274704144474a7543666646577462733369587a375669724c7a7857463348336f6d38364d584c6b6c75647774306a72775254576c783933676d764e4e483866425a2f496e594c494f43473472736258575937774b79484f5277416574584775706e5055776b715772324e57616263464a4f47422f4f7553385833782b7743316a6a456a58563362774b6a64446c7758482f6649623871316275394b5a4c5a7741656653736653304f752b4c39436966636966622f414446596335435738705035394b30677661535352797a61704c6d665139543044542f744378587379664d4678476e6f4d6e6d743863746a46436f4931437141414f42696c72336f5255493252387255714f704b37464a7856656536574d6339616264542b557035726c3959316b5168766d4761636e595556633172725742486e6e4834316e53612b7537373336313539725069725954382b4b35396647473654472f3961355a566b6a72685162505a3766574135366974533376672b4d47764a744a38512b6352682f317273644c314c6546357a546a5654464f69306a7434354e343571547637566d57552b39527a576970794b3655376e4a4a575936696969714a436759424e46484e41414f6c464646414252525251416d4b55395453476d75345545356f4164394b507771704e666f6e6571556d747170786d6c6361567a5a37306839653959716179724e312f5772304f6f4c4c3346467761735866725239654b617242756e536e453078425252525141555939714b4b41436a38614f325065696741704b55394b70336430496c497a5142596b6d43643672536169693936774c2f57504c7a3831632f652b49397563476f636b6a574d477a745a4e57414a4761524e533356357966456d57775772537364615679506d2f57732f614a6d767357656752585761744b2b367557737451334163317432747757787a7857696b6d597967306146464e5274777031575a6852324e464876514155447452523655414648345555554147654d5555553169414f654b41497271635249613437784672516852766d2f577458584e5138704735727837787a346c46756b6e7a6576656b326b556f334f633865654e4241736733397657766d54346a66456e595a423576363173664644783173575543546e363138742b4d66454d2b70584c34636b45386331785661715350536f3465556d64624e3851486e6c4f484a2f4774725264667572316c3235414e65566548624a35706c4c5a4f6657766366424f674351523557764571315436476a51533648562b4870702f6c4a3347765a76424f6f756467593831782b6a654673527151766175793048534a4c615a4342674131797871363648564f6a6f6531654670325a55353631365470556832714b387938494932784d2b6c656d36577032722b46652f683558567a356a4652737a6f4957334c557750656f494f464e5445594e656d746a7948754854766d6a47614b4f6c4d5155317a685454715a4f6352745142782f6965353249334e65422f455056436b637544324e6533654c48496a65766e2f414f494346316b2f477565724b794f756a446d5a38772f4648553570326c4373523172786c504438326f33425a73746b313762343873444b386d5257543461384f6559344f426a3656344e617261523956683646346f342f545042736b4b673753507772755043384d6c6a4d69746e417275495044537245506b485430714b54772f35636d565842726e6a57624f71574852364a344a757a6d506e307233767764656e59677a587a7a345069614a30556a7058752f67374f314d38563639437064487a324b7063725a374a6f397a6c467a573670334156796d695038692b77727159446c4161395a4f3650446b724d6b36556e576c6f706b685232416f6f375a6f414b5472696a5076536b447051423870664843786548786465685177674677584a4177426b413450356b2f5531346b743449496a437a6c43577956504f526e377849376e497236592f615a30743542484b69695658514f30654350756b386b676637763556387a615861514f664a6c4a6c6458594b6d5356584a47442b5872365638766a496374566e3232416d7055496e54614a634b6b454d616267777954676461364f783164524d456d6b4a50393330727a33777464796166347158543735304b7968784673596b59586e414858702b5761362f78487072574e3273734445707444413763344f6574655930307a32314a486458486b4a624c646565786679383744774d566b6e786a62547530597564706a3438722b4c3172794c7846343376644f6e6d7564517535624b324a354d672b56667232412f4b757538445858682f784e5a704e466577584359483731434148794f6331335263626248484c6e54757a526656625856376f7733456b72794f3569514b7541546a714d3965687269664666677136323669384b473467686a38324a70467978374541656e543838313768622f7744434d32397a4664537a57797a52416863734d7239414b755847766547377452454a566c4f7a5964713956353472564e644278397266524d2b494e59304f383054556d53614464487444475a3035596e7078394b362f774672747862576f6773314b6f684f414a434176504f4258307071336837776a7138336e586b51594e3179675062476658705474412b44506765467839696b6a497751415a4d486e323739616269353647796e4b6c725a324f4c3061473331754f4a64545a4c6d5663664a493256552b75442b46644e706e672f544e4c6b38365347454e49752b496c4d6a4a4a786a4830723054516668396f4f68547a5848327146544a6759445a7742365a7262466a6f4d6b6355636330627045666c4262702b4e61716e797255354a59756f3949585278384f745457313839714557524956355a5632676b4847567a39663072526257344a374b475579694e4a654147366e6e4662476f6543394f3169394e32585575474449496d777034357a6a72584c654a64414e684f317a4748434657486c454441506f42394b6d56757069716e4e70314d44786234506c31324a707253364556344275686c6948513967773950584659766772786c714672707a7a3355677470624b342b7a3374764b704f446e42495062714350593166732f37576c6e55513533577a70776e522b66583136352f436b7650434d67734c3532512f6164565a56654a6879687a6b6e507342313971344b314f4d57705150526f316e4a4f6e553250514e63314d796146353062444d32794e57507565542b57613050684c4e487148696d4969336c3377527948644c77554f414d2b344f346a4e63727144725a324f6b3263736250746e5758624765796a5054384f6e76586f6677686c653931665635776745436f6968674d44655354782b47442b497230734a3731534a34475074476c4f327836703150423570726e61764e4f2f6e555535776c665150512b545268367a6565576a63313566346f317659472b62317274764539317352713853385a366f5633674831726872314f56486f34656c7a4d357a784a346e3275774c2f72584d786549576562355879617764627647754c6b72754a7961752b4872455453416e6d766e70316e4b576839545377366a45394b384d61764978584a505876587176682b2b4c684f61386f306d774d4f30714b3947384e4d666b7a78585251714f396a6d7846474e726f395030716263427961333447794b3562535749566561365333596b646139326c4b35387a576a5a6c76746d6a723370423039365775733477363044673055554142474d555555646141436a42704b44306f416a6c6c456135365669616c716f68556e647a365661314f373874447a586e586958577a43484f3748487257553563707443484d57745938574c6237737959726b6276782b71766a7a4f2f72586e586a50786f4c645a50336e537648645a2b4a68696e62393730507258424c454b4c33505268686e4a6248315a592b4e7849342f65667258586150346c457858352b612b4f664466784d573464514a63382b74657865455047416e4b6650783961714749544d366d466150706e54645145796a6e4e61716e634b3837384d61794a3058427275374b5953526975364d726e424b484b572b7554336f6f427851426e4e61475965744834346f6f6f414f5055555a6f77506567344641455538766c6f5433726d64557663627561324e546c77703578785845363165465132445579646b61516a646d4c7265726558752b617545314c784964374466542f466d732b556a34626d764c377656355a376c6747373135466174797578394268734e7a4b374f372f34534537733771334e48385362794275727a3753376157355545354e616355556c724b70414948745845713775656d384c47317248744f6a367876322f4e585936626537774d4869764876446c3437624f5458706d6953466c5776546f314f59385045306551375733664b3963315937566e32626b714b7667385972306c73654e4a57597447654b4f394139365a49555a6f3730636967416f39714f74486330414655722b34387044394b754d6341317a6d76336e6c6f335061675a7966697a567846472f5053766d2f77434a66695971737733343631366a34383137796b6b47374846664b507856385662424e68756561354b732b5539436853356d6a796e3468612b626d346b5863547a36313572396d2b30546574577457315239517657357a7a5735346530673342556b5a72774b3162552b76772b47765a462f776e6f755854356653766666412b6b434d52354663543457385062585137665376596644576e2b5146474b3878314f5a6e724b68796e63364a594b4931474f31646270756c4b5755376630724430525075697539306d33444b7072576e47374f4b7437714e7a773761435061414b372f4145314d4c697553306933327344585a61634d4b4b2b6a7779736a354846367331497867564c3170714449464f4a3535723155654b39784b5872536471555543436f35786d4e716b706b71376b496f413450785648755236384b38623270667a42583048346b743930623856343134757343643549396134712b783665472b4a487a583475306a657a636436663457305544614d437574385457414c4e38744d384f327751726b5638745762356d666259654b35457a5a733945456959785435764450634c585336556941714d56744e6172497651566c464d316d7a6b39433045787a4b63634131367a345a736a477156683656706f336a6a697539304b793242654b3972433373664f3432313359367253495373597a585377444343737654594e735972576a5841483072336f374879383978394648506569724d772f4155666a522b46464142526e4e426f4a796141504d766a70596d34385032736f584945686a59624d384d70366e7430394f754b2b4d6267727058694b34687547327878794872674450483139756e2f77437637792b4a5670397338493369626768473071354764707a6a503631384d6646477767307965336a754a7a2f614562464a416b664c6a4a7752782f6a77543635506934366e7a4e5352394e6c56533058466c57585457495338736f38337362623432622b4254314a505535797a66694b395073626a2b3174465755625a666b326b442b76353135446f32716662696a52537435714568764e47443334394f632f3550413737346358375354537753664c48635a436c52302f7750582f49727733756652714a304f702b436258785234586e303239746f354970312b59754164772f415638472f46623451654e76674834726d765043742f64746f3072623169694a5a537664537079445836523255457074796e6c724843464944484a49622f43756238512b48725457724f537a7649524d4d5a4734642f61753668506b667152614e523873337035626e786a385066695a71477661544863544d6775784f4c6431556c51704f4d4567353579656c6533616234483863616c7245646a61433338325146672b3938594857737a78622b7a4270657479504c704e37506f6c365a456c4a674f456b5a446c533638413436636331374c384f664533696e776a3473746a34703079336c3073323752432b3070586b4b794862686e553867454135786e484861726c4337556c73656e4b5749705166737666736a6c394d2b476e784c58556d73307437653464426e6435375a2f4969747a5450682f3851593739592f49736d597355326d566779344936674c6e302f4f7670447744346c307278424a6558316a49484b796553784b6c53436f354744396136525a62482b317a4f6755546b444a3966657569464746727552343154504d52546b344f6b744632366e7962716e672f346d6148656553594c615975666c567054782f3437584d333168385555764a6c4457554555455a6c6b62426241482f366a5832747255746a467146746358553055525657413878676f4a343966782f4f764850484f726e55644c3852786142416b2b717a753845533351614f4d6b6e615733593555444a424654567063767775357668733271346c4a6579567a347738532f7459654b76683571466a6154366264584e316437544448625067746e4f506c50307a30373137583850552b4a76783074726256504539325043336871427378366461484e31637342775a4a4f4d4165696a6e75613264442b41756c366e34704774366c464864367341463833424b514c674172474f335472314e6651656c365642702b6e7044464749345930436f713843733346637472616c3475716f4f377335666c387a6a3943384d72707243306a4a45594754754a4c59507636314c72567846706b617971767a374e6b5348322f77443143742b3659577a534d574a793347653374586d2f6a4c57486c763468753232796e4259676b62756f48343446634d6a6969334b567769315a4c7a55576d6c74397338534e496859597943446a4835563756384a4e45585450447374787432795873377a4d4d35787a674436414376424e4261545876454b574e736347345952785467386737687a2f414d42347a363472366e306653344e4530753173625a647345434246357a774f39657a674958764d38504d366c6b716136366c3742363157765732786e4870566e76363152314e73526e365636306e5a486752315a35353476754d49347a5868506a4f3435635a3961396e38597a5952785868506936544c762b4e65486970364d2b6977554c324f416d6a3832365031727276444674686c726c37514353354a394458612b4841504e4665476e646e31504c5a486f756a32506d6f4d44745857364e616d4a6c72443041447931474b3636795842424664744a6133504d7276526f366a536b3446644462442b566339706263652b4b364b3347514b39366a73664c346a6374723070616176656e666858656561464641504e4250355541464646464141427a696d536b4b6850536e4771393432324d306d434f59385133666c6f334e654b654f7461386c4a506d493472315078566462493335785867486a32354d676b41727938524f7950597731506d5a346438522f4530786552556246654e586b3931655473537835723076786a624e635844444236317a39726f52592f6472353263323266563036535564444b384d797a326c79755363453139412b414e546b62792f6d5061764c6244773854494474723144774c707a7775716b5672526e715a56366161506f33775071446c5579543272312f523539386138313478344b743252554a46657661486e79312b6c6653555a5853506b3852424a3648534135417052333570736633425468337275504e447052514352526e31785141556836556f7043666c4641474c71782b55313535346a6c4944347230625655334b78727a2f5872517347774b353672304f32677273385a385762354e2f6672584b6156706a545435493731364e3467306f6b5078574870566b495a4f5233723536752f655073634c483344633058535653455a466146787063624c6b437062516849514b6c456f59347a78584d6a726534614842354d7746656d61477679725841366567336a485376514e412b344b3958444d38484772533531566f4d4156665837745537586b43726f72326f37487a4e546358716142306f4f54316f717a494b4b50776f6f414b4b43632b6c4641444a6d784778726766467435355350323450657536764732776d764b66486432556a6b776657705a5350445069567135416c2b623172354e2b4a756f4e4b5a63487658305238527233635a656657766d4878394c766b6365704e655269703254506f63424737567a7a37547255793357343838313672344e30304d55347268644773773067507658725068433032624469766c3639526e336546676b656a2b48744c55496d4646642f6f396d4632354663786f43674b677832466567614e41726261356f5375644656472f6f3174744b3132326b7874786763567a2b6b32772b5556322b6b57654648466574515632654669704a4932394b69366356316c676e79316a616462343238563056724873577670614564443472465375797a4838744f4a77616232503070514b377a7a414a7a696a42394b505367444e41676f4e48584642474b426f784e597452497263563568347330734d6a6e47657465775863666d4b61346a784a59683433343535726c724b364f334479744a487a58346f307a456a63566836644435456746656d654c744b2b38514b344957786a6d77527a587a47496861523976684a38304462734c6a446a6d756d7335664e774b342b7a42456772726446684d6a72584e4463374b71584c63374c524c554e744f4d3133656a3277556a35613533773959456f75525864615a61686363563942686f3748794f4d6e6473303753494b6f71324267436f346c32697066784665796c5a487a306e646852514d66576a76544a464459464a303437306e5875425339546d674170434f61587653453437356f4177764855526d384a616f6f47534953772f41673138672f4554514966456b48397451767476625a42484d6938373135776631497237493855526d58773571696a716261542f3045313850616c346f66514e645a79435941374b366b634654312f4b764c786b7553537631506679794471526c626f654e54584a30612b53474e4435624d53504e4f30752f6641507058646544504679706332344d77495937676f49343967652f317166786434616738517a4c665754476141703838596d434b46786b6e424235466566615a492b6b616c4a6268504e74306c79415435545a5050485450345a727836744e50574a394853714e615350722f774150367964545a55415879396f4a51676b2f583271783468302f637246434152676a48546d764a76416e692b336a534e4a485752356d38745172686d4c65334f632f2f5735723276546d533930394c5355737332506c4c6a4c48307a536a65784d6e615630656358756337732f4f682f486a76562f51664755437a43317657434b5277353647746257764478484f30704c3362745846366e3464327942697252746e686c2b3654366b5674436269656e5172785335616836356f647a3465442b6447596f353377533638452b6e4e57726653644a6d3147346e69315455456b596c44692b6c47344138446c75326666723272352b665535394a6b566a50473645716e4f5279636679794f6132563852584e35624c4e44476756536f624c6b484a347a2b6c646171786538544f72536f536c645648716534333368585332686a754c2f414649335451676d4e72715979736d66526d596d735a6774354e4862326778434d664d426b742b4e63546f567665366b4633635274794143582f6e58704f67324273726451506d6c50505036303356692f68527a546b7145624b664d2f53316a543076536f374e55524636637366553173375033662b794f78714b336a387042764f437878696e5855693275465a7367395236567a795a35446b357537334f5a385533506c775956764c4c6478586c6575544a59615a4a6269627a4e32474b6b664d54674439534f423631332f697a5649345964307365384849783644317267504350676154346d2b4c6c74305757505430416d754a67792f75317a6e4743657241597750583042726c6a42314a38714f766e564b6d35793252364a2b7a7a34457542504a346d753971776c44445a7838676a6b2b59666f663531373042566254644f74394a734c657a74496b67746f4545636361444156514d5946576a5831464f6d7163564648786c61713630334f5165745a757174694a7670576a36316b617734386c7670546e735244575235643478664b794376432f467a664f2f34313756347a6e4369546d7643764631304d79632b74664f3471573539566759366f3547336d387559383936374c77766368705635727a3854417532447a58522b464c335a4f4d6e697647693954366e6c30506439436c2b526561374b776c796f7267504463336d78715237563239683867466568535a3431654f35316d6c4e6b69756c74536343755630676e4972717255664b74653568336f664c3470575a64576e483836614f425471394e62486b686d69696a70336f414b4b4b4b41454e564c2f6d4e7670567971313075354437306e734e626e6d586935584b7669764466474d4f377a4d35723649385232666d4b78785869766a50537a6c7a6a317278385174443338473954352b316a532f4f756d3437314c703368304f66752f70585633476a37726f384872577a702b6b424e75525868386c3266564a32527a316c34624367664c2b6c6478345530494364666c7135626153436f77764e6466345a306a624b76793176436e71633157646b7a736644576d6557693446656836544473515667614e5a37455559785857574d654541723643697257506b4d524b375a6554376f70657648576b4178785367344e6478356f67464c51547a3630597851415545484853696a464146432b69334b613554564c48646e6975316e514f44574e6532326433465956466336364d724d3872317a54506c62356135413259686d5046657261315a5a5538567774395a624a573472352f45523150724d4a55626a5970722f71754f6f71424862662b4e577975464137307849515a4d317858315236716173624f6b4a764b385636426f535941726a6444744d6c546976514e48746971676d76597779506e4d644a4739614c774b7431444175304436564e6d76616a73664e54656f55644b4b4b6f7a446e765233474f676f2f45436b6f41556769696b3439715767436e715459676236563433342b66354a5078723248566549472b6c6550654f4533712b526d706b6152506d66346849535a4b2b647646396b5a3532774d3831394e654f7254655a4f4b3851317a527a4a65593235476138664578636c593937427a355863354c772f6f4c5a583565613956384d614f79426372696f2f4466687a4f333561394a3058514e696a3563563833586f4d2b77772b4a53516d6c32624a743472764e43674c42654b6f36666f334b6a616137545139474b37666c37317830365454736464584552614e66524c526d4b35466437704e7151427857586f326d68514f4f31646a70396d4678786976704d4e5373664b593345646939703847414f4b316f78675642625137564657514f6e7058304e4f4e6b664b565a387a462f684e414941483070635934704b314d413439364f614f774e41414e414252313630674e4c514248494d70584d3639434447316451333354585061325155616f6b726f317075306a79447856624162754b3878314642484d657872316678577564396554612b646a7552586934716932726f2b71774e61326a46735a566159444e65672b484956597033727958544c687674495061765650436335665a586c5170754d7454327131524f42367a6f55414561344664665a5237564663706f42796931313973506c46665255493253506973564c566c6b444170614142673063657465676557487052525251415555635a3647696741373068785330684936597851425531654c7a394c76597831654231483471612f5054346b7274766274736e6157357839612b2b504848696d7938462b47727a566239396b455943415a78755a694655666d612b4666695a624d756f54726762643744396138544d303752667166545a492f656d765134485150453978706c775977322b4d38374750576d654b496265654b6139746a64625a6343515274356e6c382f335344785742714736316e794f6d656f37557837785a62517853685a6b594449626b484853764c707a747566535671536573545238492b494939437662535143514f574337697044494f354c626550706d76706e774438523765366b33794277554143475263423137343735504666466572524972415353534c474353504b6a327178354150336a6b6a70307a2b566474384f50466f743478484c64445a4848754c796368523258714f2f317a33392b32564a4f504e45383154732b575a39344e5062366c414a674248386f4747774d2b6e465956395a70645265574a59325a574f39536d632b775072586b6e677634684a75324c49626835706877334b675a7963446a2b646574615a7138562b647265576b495847346a47542f68574330646a7058754977395538496d367555536131746e7464705a54476e49507039427856794c77765965536b68327932364b4863497047514d6a6f4f33763372736f5a555757434f345541794d575677427831492f507639616e646f4c6136555371456a6955746b656e2f414f762b566471527a537161327351365a706b4d5563452b504c557142355a475237445036317557646b6843534f685751633864447a574a4665776c547438774b337a5a63354135362f7a707435724b4a634e484a4a4a684f51673435786b5a357a324e524e704762546d6459307157364d377342676a373353756538513677734b4d37414350424259486e322f7a7a584f654a6647747470554c744a4d6a527648795135556e4a774d6672366657764a74662b4b7345726e4c736e373477496d34677563486153656339415230353631685a794a554f56366e5961337253362f424e5a577477697979746a4d6b52347a37646658387678723258344b65486f744130475746634e495343386d4143546a2b58317a586976677653704e546b2f7465376964444f46614f475675592b4231482b6533417236442b486a78725a545137674a647762623378307a585667312b38304f584d48616a59363463436c484a704230706331376838754e6368522b4663357239774569623656753363766c716531634c346e31485a472f4e5956585a4852525770356834373149494a4f635634423475316b6559777a2b74656b66456e584e766d34624857766e447856346733584c4c753731383569553266575947794f6873376f546b6e4e644834654a4677754f78727a2f414d50586e6d4c313631364c346269337a4b6138704b7a50705539443237776c4a7468585074586432636f3478586e2f41495a796b4b56326c704c6a417274686f6552573175646e704d75534b36797a63594172697447624f33307272724a6a6756376548646a35664671374e5a43534b64555554664c55796a4f61395a62486a734b4f4f3941365566686d6d5347523730556e485030706141436d53726c4b666b65672f4f6b49424853675a7a6d73577535473472796a785a70652f6638414c58736d714c694e71383738525143546478586e316f3350567730724d38576e307662636e4b393675322b6e386741567561685a7173705046523236685855653965524b4b545071497a625265307a544e324d697534304c537770556861796447747777427276644674427455347a585a53676d655a6961725630614e6a5a68564846626345653166536f7265494b4278566c5269765768452b6271547578776f6f7063666a5770674a5252525141555555554149526b65315537714946547856327138363542715a616f7544737a6c645674736738567732735777566a78586f2b6f52355531782b735732375053764678454c6e304f457132736352645a6a5053697a4a647836566f58576e46327867314e59366159324752586c4b4462506539716c453644515966753133656d782f4b4d56792b69326d4e7646646a5a525955563732476a6f664c347570646c364d594650704648496f37644f665776535373654d78614f786f6f48414848576d494b4b44323478514238324f3141425252306f6f417a39563568623272796e786444356e6d56367871517a45773952586e58694b313342754b6c6c78506e377864705a6b4c385a727a4738385065626566643731372f34673076655834726933304947374848552b6c5953703878325571764b592f687a77317456666b2f537534303752436d42747259304451687448792f705855577569414837746363384e666f656c54785675706a36586f6779446975773076536c5848465457476d426363567632646c7478785753776d75787050467472526b2b6d3251584846644a61322b315267566e57634f4d5a725a6758414664394f6b6f6e6b5671726b53714d436c4a7a526e6a464c58576349644d3064514253743630674f50786f414f346f372b6e3070425330414754526d696d7332304767424a5743716331796d76334156473756755874344655317733695055506c666d75716c52637a436456514f4938555859773165586134336d75325057757a3852333238766b31774770546b75613670344338646a624434354b52583032333358414139613958384a3265774a586d2b6752623577534f3965742b476b565654497858685663496f533250662b7438306447656a36436d315672726258376f726c4e4763425639613669316b796f4661516a796e6c565a335a632f682f47696b7a333730763431716377555555414530414646464641425454393455374f445867503757503753397238432f4345304f6e504863654b72714d6d336850496755386559772f6b5078376367574f582f627a38523345487738673075796c32796d54375134582f5a42322f727a58682b7365494c62787061322b71573542697534784e313637686e6e383676654974547566466e675053787164773935657932635530733878334d386a49437850314a4e654f2b4464576b384b61684e6f4e356b516f7865315a75686a4a7a67665138666c58546e6d5854686761565a4c3462332b65715054794446772b74564b546572322b527365494c456243526a6d754a75334e746c6634436368665131366a664a486451463077636a74586e506947794d5530684833547a587755465a325030436575714d6134755575492f4c595a4f446876546975636e653930785a44625353625659536452794d35353441786b2f35785769354b794568756836564e47697a707349794d3578586f55716e4a7673655a57704b70747561586758782f64773374764a79686a493464766c322b2f50587166715061766566445878582b3158386330732b5841436a4833416e502b4a48346653766c7656504337764b5a344c6c343557504a626b4559776678393672772b4b3953384f4d7972444e472f486c79676867707a7832726f634956586544314f614d35304661613050304b682b49316a6647434b4f34692b316f674155486c6a786a614f7734492f48365630393334684e6c5a57733935496d5a4a41386971774f30444c632b76432f6d4b2f4f6a777a38563737544e5773626c5a6b4d734b35434539736759357230712b2f614669314f7a453030306c70644d784243746c4d5950627478564f6c4e624b354371557050563250736931386452744f78545936716338486b486a3563666e2b4e636c385150694c61616649566a6239374f2f2b73335a456242674d2b674235474b2b57624434355332695433496c4c7572344757787433486a6a7639663841486a4f673154784a342f3153657a306d4735754775577a4c6550482b37694a54355144337754312f476f644a2f62304837526659567a305878703856486136476e3232577631564933324e39306b6b4d547a676b4e7836342f485070667731384266326e4a62367a71554c6f374b4374737a664b526767466833504a36394b6f2f4448396e2b7738507661366e714450663673706b5a7070446b4d7a39795058714b3934306a535934465835646f5870375668556e47316f46704e6539506373324e6b493467414346555934724f304878324c4c34774c594c4a693273624b4d5847332f414b6146757638413379442b4661756f36676d6e326b6a384b56556e4a7279623466777979582b72612f63676958564c726568596369465268507a414a2f344658765a44512b73596d53746f6f752f7a3050427a717171574754653761742b5a396832476f572b6f326b567a627a4a5042496f5a4a45624b73505547724264514b2b4b764158786f762f684c3851745630612f6b6558773039323337706a7a44754f6479447230595a486365396657576e6549725857624347377372684c69336c47354a4562494e64633662707a634830504554556c64467a56626f496849727972786c716531584765316478724638664c497a586b666936354c6c7a6b317a546a7a485653305046666952657435637245313835617a4a4c6361676335786d76657669484b5a6c6b55563434326e6562656e6a76586c31614e2b68394268716c6c633250434e717a686331374234587357425134726976434f6b594b3866705872656832537871764861764a6c53737a335931626f374c52385278494b366a54324a59452f68584f615643574b697570747263787144565167376e4c576d6b64546f3738697575735879746348707378516743757530756663425873304932506e4d533773364b4673675659375654745353525630444f4b39474a354443696a42487452676e337169513755556567394b4b41444a2f794b516e69676e3171433475466a5138306d426d36724942473254586e2b757a6a3576703372716462314a5652756356357834673151484f44584a575052772f7847447163774c477156752b2b5148304e567279363375636d697a75415a46487658697a6570394e543069656761412b384a586f65696a39327661764f66443767426657765139476b2b566670586f554e6a7838584c553661486f4b6d71764132554657416356366b646a77706268514f4b4f356f7169516f6f6f6f414b4b4b4b414476554d754d47705352566164385a704d70626d56664c6b4775637672667a474e6448646e4f6179356f3935504865754b70473536464b664b59417351443071786232414c44697277677965425768615765546e46637970616e593637534861626146534f316446624a6743716472427446614d613472767078736558576e7a442b5252306f6f2f47756735516f6f6f36394b4143696969674148586b3064714d3055415672784e794775503171324462754b375759626b4e633571734949504641376e6c327332414a5934726d44706f467976486576513959744d37754b3568725045343437317246437561756a577752427858525730414f4f4d6668576670734f78526b567432366343746e42435532693162514b4d63566f7752644d43716b4b344661467565525754675837526c363069347961304931774b7051644256324d316d34324665342f384d554472514f545367594e534947704d38597851657448725141644d556d6355783541675053716478664263344e58474c6c7351354a4671535a553731527572344b447a576463616d426e6d736139315545483571374b6548625a78314b36534c4770366b4e707731634e722b6f426c595a71377165703444444e6368713135356d656331372b4777316d6546694d5470756378727332396e726c5a6f544c4a307270722b49796b6e31717262366475626f4b396d564f4b67656653727935773047304b4d7049723054513232624d317a6d6d36667359635631656e776557467235484678584d665a5961713345376253626e41586d75707337723551613466546e4b6261366130754d526735727a56473530536c6f64496c786d706c634556677065644f65617551586f3447632b31564b6b7a46565663314d384833706172783341624872557759456461776173624b53593748426f504a704d38455579656449496e6b6b6459343055737a4d6342514f704a71536a6e2f694434327376683934533148584c35683564724757524363475238664b6f2f477679492b50586a6a552f6946716d723674715578754a356d5a386e6f756567486f414f414b2b70503274506a656e6a66556637493036596e534c556e61416343566831632b3347415053766b6e57725753383075375179686a497047303752752f4c767a363155645a49637446593934736457625576444f6c68474f3857735979665a514b3533574e4d6731364a596d506c584d5a335253676371315a66675056784e345930306875566956434d39774d56306339755a735845575633446e48617632474f477031365073366976475332506833694a30617674494f7a544d625339567572466d744c78536b7144763059656f7150576262376244754872785772504644657035567a6c5a562b354d4f6f39367a33696b7444746c4735442f7741744f31666a6d64384f3173746b36314a4f564c7632396638414d2f57386f7a2b6c6d4556537165375537642f513834314f4237615a695152337856657876314575316a786d753431625156765178512f654861754a314c772f6357546c69704142362b74664c4b327a506f35587664476e6354676f53506d4246596436413536634838364131774d6a4236565a74744e6c756d556c536161584b54666d4f64754e46696375664b414c6a44454442497a6e7254724c77536c385169784e744f42674531364270336874574b37786b6e317230507770344c6a64315959363838644b627279686f6d4b4f486a4e336b6a6b664166776b74354a566161454e6b676e654d3577636a725830763445384a77365a4567534549426a6f745676432f6864625651427350767379613947306a547862496f47574b39363557355464354d326c7930317978527561525a6b717534445046644373486c7867644f4f526971576c6f6b53416e6b6d6e36747161574e713873684730416a48722f69613353766f65624a2f63636e34396d2b33684e4a6a4a4c5858446b48704750764832344f507871764647734553497137565263444134464a4445375479337479423971754f546b35324c3248382f31706b6a694f4d6a6431357a36437632444a4d752b7059623376696c717a38757a6a482f41467a45576a384d5435382b4e434e596646596b6f57532f735937694d72314a583932342f4461702f486d75372b444878677666436334745a70566d734a434e38447a626d486249504f4458432f744c5a4d6e6833555267473075764a626363426b6c3477666263716e384457425958724930633054534f70794353465650774a35492f43764b7a62442b79724f533265763841587a4f72425666615566512b3749664564703469734675724f555352754f6e645436477542385745375836666e586b48672f786265615a437853346d6a4254622b37506248714f342b6c5976697a5776474e744d386c6834676c763458544b52584a41595a2f32736254303971384a535236555a6370623857325a6c647a6a72584651614954633532393667506a2f784842504a48715674484d465264704d6633324f4d387150556d7472547647466b306d4c6d316149726a6330626275667031782b645a796770486f55735246614d36377733702f6c6f76793869752f3075332b364d6356784f68654a39446d5a56572f69526a304576795a2f4f7651744c5a485648526c64547947556767313546616c5a6e755571305a4c526e5461564349777672585432753134774b3561326e324b43654b3162432b335935724b6e445569744b364e754165584a2f4b756f306b355833726d494845696739363654527a6b43765870303748683170334f6f733544337251553555477375323449725252384c57375235354c534534714637674c3171704c714b6f4f744b7747687641366b56484a636f6e65734f3431734c6e357178377a78416f7a38333630674f6c75645556416561774e523177414844567a576f654a4141666e2f57755331627854674e382f774374417a63312f586746596271383831625751376e35717a645a385671374d4339636a714776655954744e636c5a646a30634f3954657574574765447961743654636c35464f654d31352b6d6f50506359796574646c6f6a6c55584e6558374f37506456524b4a367434666e48796e4e6568365064414b764e6551614865474d714d31334f6c367341462b6175366c4778355749647a3071327567514b76724d443372693750574151506d72546731554d77357230625752347a334f6d427a3070617934645356674f5269724b58716e306f4557364b6957634e3655706b6f41665346774255625459474b72797a344e4145736b77587656476534427a5563397a6a4e5a3831317a53416e6c6c4456584b6875534b67452b377255794f4433714847356f70446f34426d744f3267343656536947446e74576a62796442533562476a6d325734304334717776536f564b39716b567531614a574d47376a73307448765151514b59676f6f6f6f414b4451656d614451416c4c52336f6f41624a39303169366a486e4e6262644457566572316f4135445562624f654b774a6249435963643636712f5472574d3666764d3130775768445a4c61513441474b313765484148465572524b3137614c4946624e6b6b6b635846574968745963564c444474485370764c786973774a4957775232713668365652524d477230597a6973706c456e543270775050576d6a696c4f4d3961784c444e51547a684f686f6e6c324b6561773952763968504e62553463786c4f664b535875707167596271353639316f416b6271796461317752412f4e5848336e694863782b6239613975686847316338584559726c646a71376e57787a38315a46337247374f446d75596c315a70572b5671574f5a7065707a58737777796a717a785a346c7930526f585679302b634771456c7558354971354646755556616a7464796d756c4e52324f527079334f65754c486a70554d4e747363444664446357664853716e326235714a7a764778644b4e706c6978677a6a6974367a6834465a2b6e572f7a593572667437636a48705878754d6e61545073384c4738437a626a594236567357386d4975745a3055512b6c614d4552386f56775570335a3154693745553134556236314e4271504b2f4e576665786b4e312b7465582b4e666a5a70586846705959635839346e425258326f70375a62384f316535656e474e3573386471704b566f49393167314651705a6d4141354a4a36567833692f3841614d38422b415179366e72384d7477764274724d47655450706865462f774342455638592f456634322b492f476f6e67754c71613130394f5073316b2b78535432392f2b425a7279367a3071505741736b7a797832334f5357366739636635347279716c534c646f6f394f6e546b6c377a507354552f322f64456d752f7376687a776e716d737a75634c356b69522f6f4e325078494876584b2f4666397076586645766841616539766136524a507a4e485a796c386a73685a674d386463634776426f4c6931384f517952616647734d62386c3158356e39636e762b5659757233567866534b4d6767416b6a476339756e6674584d7a71566b5a4869432b4e394f574f5a472f695544507a5a2f546a48576f624f304e786279526d41456c433230344a4a35375939785358466a2b387849337a5079636a6b5939414f4b33744f68467646684e784d6e4734524b4230354e4e623641633138503548736d75744f6d516a79705755416e474236563664595347496243666c503937307279362b7546304c785170596a4579687952307a6e4272304c53706c753467346465787a783072396f792b63612b46684a646a34484678644c4553692b357058646c396f494b675a5063565265523763474f5a4336456367317252524d685678304a3546575a4c654f5a4e73696a6e2b4b7539714c584c4a61484d6d34766d54737a6e376130554d7a494e7941636f7835483071322b6932393947514644443050577230756b756967786374317a3049716654346a4a4b444b686a6b4838514f4166714f3966413572776a51784e367544664a4c743066366f2b337933696976683755385575615066722f77667a4f49762f42617853466768546e4f54794b6c30337738564833633437343656366844707133436b4f7556366268393338716b67384c496b2b3951796873484950542f4776796a4734444635664e7778454c656654377a394a776d5077754e6a7a304a58387570792b6d6547544d465944635059563376687277344c63713233417a576c7075695278674268676a6e4e6454706c6c4674565147332b672f78727a4c585051632b78623069313241597a7a3961366a54347476546b3932506171566e617167475644657a477452515647346b5267444f656d4b315554696e4f356f72504861323775547441366c71356536754a4e5875326b5948375047666b58315071614c323562557041695a2b7a71662b2b3666745a56564678676a423472394579504a334278785749566e3058627a50674d357a5a4f2b486f4f2f64392f4a454a586e637847505830724c765a674862302b746139775248476335366436347258745753454d67635a42354e666f6c47504e7366437964747a78543970375568423449754a43514846334136676e306b482f414e657565384d337031545472566955325349703273437836594a485944324f5038582f414c52554c65492f433271326b515a6c73375a7271526c36636450783572682f684e3468653838503251327136744877347954774366584859597a783747764534676f38764a4c792f5539724b4b6e4d7072732f30505a4e4a6e617a6b434d7a71484a494955415a783748505446624c54626f774e6d3153415678775278304f436662383635573076495a456a5578494249706c447835624148427a6e2f642f2f565731464a35772b58627558676b4932435055632f6858774d6b376e3052523147316b324f4844536f7847515842787a314950312f577565314c7737764f6261522f4f4133426565443241505965316463786b5861766c5a5948432f4b353938446e362f6c576266784d7a655a6b4b65705656476359786e4c452b2f5431714c574134754e7034474b53686c6c44422f7641686a36727a7a79522f6e7230336872782f717567414c424b36354f646d41512f31423655454c4f416b67566c786b484753704f4f632b7658706a74576663365330617947414551506b6a4177774848546a6e2b644672376a546358654f35376834502b4e6468716970447163663247556e416b4233495436482b372b4e6570365865785855617a32307154777479486a62497234724e314845574c414b6f2b57584f533358686837394d452f3178572f34632b4957702b487270704c47367541527a6b4d4e73716a7163647a302f4b73585156376f376f34756472533150754c53334c68636e697579306c646f794f5258792f34482f61547373527836335a73684833726932354239797662763337644b392b3848664566773134686955324f723237733338456a37472f49313177745935716b2b5a335233694f514b6e4e7946587255434b44474755686765684851315775584b41354f4b71317a6e4758326f2b577035726d395131344a6e35763170757433786a56756138383133577a47482b616c79676a6431487855457a38342f4f755a7676463479666e72676466384146666c62766e7269627278695a484f31733169305565703668347434507a56794f73654b697759627631726a704e626e754d344a71744d4a4a686c6961414c6c33725458446b5a79667256597a75336571516a327456714e64324b7a6e4735315570574e54537a6c777a635632576b7a7153764e634f6b68694141342b6c612b6c337852687a5743704864376251395273626b496f49497253683176796d41335677397471784b415a7a5668627033353356305170484a5571585053624878446e487a44383632726678434152387772793631756e6a37316247734e4833726f63624844633962746645494f4148476672577662613175412b624e6550616672624d334a72714c44563867664e6d73724450543766556733657261336d37765845574f7045343572576731444f4f615148522f61683631424e63676a7257614c776b556a546c71414a4a35733936704e4a6b314d783356576c474f6141464a3767314c464c67344a3471707679616c6a366a363041616b4d6d5269726b543450577336334f4b75427542514270525331615677617934704f4b745279346f41766876576c553571734a637253724c383141466d696f784a54776330414c525252316f4150316f6f6f6f41624a774b796231786d745359345531683337597a7a5649544d572b664a4e5a657a4c35393675336a5a4e566f666d663861366f72517a5a6f575558544e62567046774f4b7a724a4d6e4e626343414c696e4a6750565352785473633434707742464855656872496f574d444e576b4848465577647457556263414d3145674a366a6479756155746a337174645337525578513239437266584f41636e4663587275706246593771334e56757471747a586e7669532b776a633136324670585a35654a713252796e696658574751442b74636c2f61545379636d6c38515852656247654361793062594d313974516f786a466148786461744b553371644a6154376857706254633961356531757476657230562f672f657135557a4b4d7a7337562f6b584e616c746868584c574e2b476a586e4e626c686541385a72677151614f79456b615573494b394b702b52382f4e614d624352615151676e4e636370614858434f7479545462666e4f4b364b33742f6b465a756e51386a6975697459637230723554486646632b72776e776b55647667347130306b4e6e615354547970444447753535484f4655447554564c584e65302f77414e5754584e2f4f6b4b41456843666d592b777235542b4d5878357576467477644f7379316e7059637171413875522f45332b48515635644f39376e705453614f722b4c33783457344d2b6d3649575731414965357a744d6e73446e6747766e4738314334754a475751623132655a4e794f5432485058743139616f336b6b756f7a47514f486152746f63344a326a312f50394b70334e327957736a736a4c4a4c4d6f5842414f63352f4c6b66674b3758655735696f714f784a4c7070753268674879526b2b644d785544377734427837632f6a57744a5a78527859556362635a4735526e3034464f3059496b625473355a6e505572786e41422f436c6e6b567876777531666d41774d4b4f6d656c5a735a53756f554b6f5346586f536849484765326658465a3830586c42476c475135336241704f534f6835774f354f6659566f33456b586d72455733372b64345a73592b6748313665744a64515337314b78474a434356585a6b6b6334484f65314944456a74346e756d44414b6a444a79774854324139717478596c4a3270474669542f56674d646750417a6a36342f47706c674d712b597a4e41736a71724d7a62646e47414341654f53503171394542504f6a4d4e376c764c5a6d4a4141786e38687a2b5874576951486e58784d3035704c425a6f694932745a465941456b73474855653341717834493852474b336a536467527867697534314c5134722b41323379686d7a4533796a7533427a2f765a352f77414b34612f3844336e6837634370324a6e7430723951346266744d4e4a646d66495a306c47724639306572365663783364754758444b61303274664b32734d6b45395054697650504257724e44616c586643383966577652374f3957376954615132377638417972366d555774547734535574433961754a57436e31774d6471757857535038724b415365534f395a61514c76444b78474477564e5849726957335a506d45712f774158465a4e646a5a61626d3970646e354d6f586f7651437479485477435376516a6e327241744e55437575345a556a7165337458586162635254496f5571515232727a73565170346944685769704a393064564376556f543536556d6d4c44416362537556417a577a616c515267446f4f76616e5232535351686c34395161794e59316d4c52376d43336b3830764e6b35534a6d56514f374d42685239534b2f4b387934616e43626e67645632367230386a39477937694b4653504a6a4e4833372b703169583055454f39794f50556a6a3656536d76704e5159716f325139786e6b3177506737783934652b496c2f65322b6b36376236685070387a52584674472b47526c4f443870354b35364d4f4458704e704147554b46584b3965316465553543714e7352693164725a647655344d317a76326c364f46646b39332f414a44495a504b52514d41644d4474553648636849474365654b637359554e38704f54334e4c4979514b574f415642364776744e4e6b66463674366e4f654b4e57585462535232626268654b386b757453652b6d334b786263654257313432317336767178745969576a4277325058307252384d654674356a6c65496256396139366a425561616c49345a747a6c5a48412b4c76436a512f4333786a6533612f76376d7a6371435075717135782b6c664c507745757046302b33746e334577545047772f48746b34373139346645765446757642563759526a503269496f514232362f2f4146712b432f6832736e6833783771656e59482f4142384b3671787831344a2f53766e73366938525156623152374f5679564f6f3666632b674c4331615a496d45624e4759326a4c4d51434f474f52672b2f5053724b7635556959776a52513767526b4d415749492f486e38366930706c4d4673706b4a475a41564a354a323446614b3277614a516346576859664d50544a2f7236312b6353305a3961537666504249664e4b655568415634787650586a76384168785573633064786a61664c6344615666626a6e3142502b63316d3345625a6b526c326f5934734d446e4a32306557777651764b4f4c675a3878527a6b456e4835566d3041366549655a7443474a6c624147643477503775446865334e6370347338514e703036366670307144564c6741456743547945354f3839756334417a3731314c53584e784569427938704c434f52324a56443242787a6a38613566532f4459737068633345697a584d784c79536e475a4d64564950707a6744706a46506c415532706c784b5844757534355963743179703638386e363830736c75775655684b35507a5175506d5a657551522f4c2b517961317649695667542b384936715777636533754b6775596b7a356b736d7745676e6b3549504962696c31417a747a784b6d415644484f526853722b6e30503942563278316166543549704c6151724a30554b574778732f644a4f4f75655070545a62667a5979375a324d51736f7879446a35584862417a7a565837487849727473586858326e4a796359626e722b4839614c4473656f2b44766a35346f384d4c46396e76726c6f6a77365334595a376a424a7a372f584e6530654866327255756f4654574e4f44726a357072553754396470366a38612b53562f64536a632b636b4239724d41724437724450627432717842636c4a6c42557449636a47343444656e58702f6e74797274437366614c2f4533772f77434a5953316c714b62794d65584e386a66546e722b42726976456c3857444657794f63455638384e7152514a49704b41344949474d445076372f414f4e62576c654f62797a58795a35525046304353645436343936726e3769736150696136596c387361774c4e4e375a36357258314f36737458544d55333265556a506c7944634239534d6b5657302b77614d2f504c436f37487a4164333048577076636f7477513856664547365067556b4d4745566c5a58513947513546616c7442766a785149784a4c586e7053704355466262324f656771744a6162656f78525961646a4d596b4e317a563630636871727a5145484f4b6e744679314369587a6d2f5a5345343572637447335946632f5a385972627353537746617251796b376d374647536e34565875554936567057554a655070554e35626e6352535a4a5873324b45636d756a3032384f5143534b776265324f34635674574d4f306a696f594858574630646f357264744a6977363179396a78697569735467436f5a534e714a6a36314e76493471434538564b773730686b67623378545749783631434a4d643664766f41696b474478546f6e3570535131525932503669674454684e575666413631536762497155766a765142625766465749352f65735a353848725530567966576744635355476e69546d73714f353735717a484e756f4130524c774b6e535373337a73593571614b585065674452567330366f49333663314d70794b41466f6f6f6f416775446756673669335774363536567a2b7044725649544f66756d35706c7279342b744f75427a53325348642b4e6463646a4b52753253644b313478685257645a4c362b6c6153644b6c675033413068624f514b5130307453734d556b4370596d7856566d7a556b624545644b476775576a4a7857666553384836565a646874724d76704346504e4549366b7965687a75727a384e584165494a4336747a585961784a796356772b7474755673563946685972512b6678556d6564367a3831794d2b74553541646f7131717a5975516665716a7941705831314e57696a35476f2f655a434c6e7979526d6d4856504c505771462f4e7359344f4b77376d2f326e722b74646b61664d6373716e4b65683664725079446d756b307a56747a446d7649394f315967597a5856614e715735787a7a584c576f704a6d394b74646e72326e586d39525778626b4f423756784f695875514d6d722b72654d3758524c64764c644a626a484133634b6665766d73564b4e4a586b665134574d717253696a7448314f7a3069417a336b3651526a7578352f41645458442b4c2f41493857326b327a72594c3559436b2b62494d73332b364f333431347a34792b496b73307a792b596269343668696477545063442f43764c745a31753676355a684c4b716851464159632b756654723756386a694b76745a6552396852702b796a356e542b4f2f6968714869613559547a7968534332307631363447636e327268393563724c49546c494759354f5438326364665972556431624d3735336a414151626e3539657550396e743631616b74706774316e5a6b37597558584f42396659667972434b73644b64794f4f4d4e417043376c5643345548484f4436345063567766784a314c5750447936646657476c7958656e6f736a7a4b6847564c456a33394b39416a575347476563664f70416a507353526e6a312b5830716655495675494c6d4a72632b566849546c654f427a396556716d4a6e6b33686a396f58525a2f334e35356d6e546767474b346371434f6877656e5446656e3258694f77317945744465527a417267474e3249505544703137477348562f685a6f75756f365336625a2f4e49455a343077564743435365335164367165452f67745a65427466753769333157374e6f30686a2b7741346937386c6a6b6a70322f4f7045646442416b7a4761504d774141474d2f4d4239635a4e534e703575626b4b3231326b587a56794d6f654f65434f774a2f4b703375626952536f436862647362567a3877366366792f4b6c5a3878655975576e745a4e2b386e6a59335167446a48546a333756535145623255627537787157575562776a45664b7939522f5070375646617952764b6a4e49327955456c674f4e2f544a48723739386e337062694f514a4a7464305a534851594b384539443664754b6a58636756517178787164366e2b45455a342f4c2f414e4270374161454c43575842554b73692b573867366c674f44376475667258646e53626258395053356d6a566a4d6d5a453771534d5a7268374f4e4c745378514d6b79376b4c5a43372b654142332b3850663566577454775a34716b306e78502f593938332b676169476c734c6e4f513067483732466a303344377739515436477674654736376a556e547675722f414848673576545571635a396a467576685264615338336b5337346e6263713479525546685a61706f64776950457a51727765656c653178774c4735615545715275475432716e6536644751535973676d76304e5672364d2b52396d723352786c724a35364b655165446e2b6c6152746e6b437446674e3664613134744e6852674e677831716462546144745450666764717a6b33304e555a4d656e3559735849622b56644e3457676b575a6a672b57673664534b725161524e4e4d726e3565656c644a59784c703641357953634848657565704c53786356726333456c41556b73527436357235793861664248346c2f476678686636706370622b474e46664d4e7244714e367a466f6c4a437362644277546b7364324f5458642f4648346a522b4635744a306543512f326871556d356944796b4b6e356a39574f41506264375636393445763437375459584f347356424a6269766b73666970304a63744a32665539334234614652633830664e58686e39676533384b616c44724e72347a767244576f5476573630324c79794433556269515639694d56367a34482b49563359362b66426e693959376678437173396e6652446242716b512f6a5450335a422f46482b493450487468436763414b6567727a6a34782f43327a2b4a48687872557a796166716c713475644f314b334f32573175462b34366e363952334761385444346d564b58764f36653536566568477374745470415157774f4439336d735078566666325a706337444143673835366d75522b445078477650462b6b586d6c61374774743476304758374a716c736f32376d2f686d51663348586b652b523272533866504a6432734d496243764975666335723633445256536357746a357572654363587563783451384f50665374653341797a74757961394a7472646261333267594f4f434b5454744f5777736f6771342b554446576d584c4b426a5051714f396456617437523257786a4343696335346c51795044455275543569326654482f774265766858346f614d2f67373475656542745365514148482b30434b2b373952583754714c6a6e4368514d646a79542f53766d54397250776e396c30797931354679304d36427a6a484765744f7246564d4e4f4437582b5a72516b34566f7a58635a34643145764462356c324f383671464763455a413634373173325678686f34314b786e79354533522f77415235776356782f676255472b78784d436a457a706a4b6a474f324f343966584e6462627752535861744a616b487a47773437446a67633965633472386e6d6d704e4833616568597635554c59543573514c75786a623876424a393841696f5970705263795246464c62346d366339477a7a78372f70554a56576968414a4a5748432b614d663874542f41507170417a695a325972754c706c764d585054483036382f536f746651512b3275517257384d735079724f716a63426a424936663536565761415279327543776a777777764f4f442b58576b6a615a356f694e783233437275354162423766555536614d70446241345a7430684c39633555445063644b62687937674d677547614f457136686d456e336c336c54744a4836314e4d584d45474d47584756444c6a433549595950715232393671655841317462496e6c6f374d35324134783876505538656c4f74495745567379732b314947794a4f423935754d2b6e4647313767536941323837522b562b37553555453444526e6b44766a6731587559346b4c714435676a553441367368364850746b6634635666756d63534c4a75435969523179647763426566307a7a564366486c676f2b38782f765979656479734f567a2f6e3942556c447a464544356b6f567767434e4a75487a526e4731736576546a672f6c5554524b7a5468324c53444563687753754d6649777a37667a7073424555477874306f5145357a73566f79546b48334766314e53474a347969694e465243454d67367647514d4565704150394f314178433753414b463276495475326b456268372f6c2f6b556b45714d79595a734f6477374f423335413672302b6c4f32504553524554486b495367786a7074505875442f6e4e4c62795349776349386a5039774d514e72392b763438636e49464b7772435855377878374d727555352b51597a36416667526a3634724e31656557577a4c5153474f35552b596a7153716739736578364836316f695a5a4372534d563634584f535537726a32366a2f77445655467970456a4573422f475a427a6e746b3863383845657635564e68574c33687a78624b3170464e475741635a5a5736644f6d423944587165685863656f5779534b52794f52587a7a704d766b7979773763434b526c584a474279666c7a362f58493572306277507254324e2b6b627357575159323968796533616a6263523631486242756c5133756e34556e465073373153527a57717a4c4c463271784d342b61317963555232327a6e4661313141456b4a714f4a4659346f455251715578577670636d5a5144554332777137703176746b5769346a743949747849677a5675343031546b3471746f736d4646615631634256497a553341796d7431513436565974674649717250636a4a4f6169532b415057675a3039704b4e7772657335686b56784e6c6637704635727074506e3345633571574e485651506b6356634335547257625a746b43744f50376770444b726a4270752f69706267626171462b65744145686642365539583756587a6d6b354849363041614d54342b6c506b6b347a564b4f62433450576953347878756f48595757626d6c696e354655354a4d6e4f61644753656c416a56696e7139444c574e4553425632326b79657441476b307542556b4e795057714d726e484271424a697036304164484663413163686b42726e594c67385670326c7764314147774f614b5a4732567035363041515849797459576f4c6e4e623034344e5939366c57684d35793569356f7449385038416a566d35536d3279664d4b366f3747624e697a46586c626a7057646274743471364a426a7253594570626a6b30786d3470724f44534d636a47614c43416e6d6e4b5454565541636e4f616b56636d6742632f4b6179745162354457704b4d566c6167506b4e5844637a6d39446b4e58626c7134765654754246646c7134494a726a645548583072364c444c512b647852776573322b5a53656c5963325936367a5534764d596e32726d395343514b53374242367363563954546b6c4858512b557178626c6f726e4c36724f5154584d334572794f465253374d63425647536136612b6746775353366950752b654b786a7173646b6b6f746b326b45417973506d50395239422b645934764e364743696b76656c30532f55364d4a6c4e664774742b3748752f7742437870756a53514153583979746f70354566567a2f414956725236376157494832574f5335494f41376e614b346d58576e6e6b444f7a7432596c6a6e412f553549782b4e554c75356564487a4a746b4f41647834424a50412f44483631384c694d34786d4a64334f79374c512b33772b555954444b7968642b657033393538514a314c49733670456f492b5539634872363831796d74654d4a62693332724b51724e733373666d796659383856677a334b75374b54494e3869707778494934414a2f41486a33724f6a6c457431626a61794d586555664d535342394d2b68343936386955355648656262505668434d46614b534a627a557072747a676e44535936454568655078363536556b556e6e2b556a5a597a584f4d6b63357a672f77412f3070717953515351425277674c457341434f7666716531574c626645316a75626c5561554d5479446c756d5437556b697859597674546768516979536b6b467346756e492f576e68444a456d3252695a4a6a6b497542302b755431716533567031676c334232436b2f4d42366b5a782b564c43374949734f7179625749336766702f33796173597852484d794c67717374313977507a6a38547a7739575a375567496b79685979476b77534d484250422b754f3372586e6e6a6a58376e773163614866626c4e676b3538375a30414a4979653348483656334e75355731575643382b302b5972416362534f707a796338486e6e6e74556757354c69507a3852494d7a4c745a4662763135787a372f38413636656a4f4a555a4435666e4b5151334a3341455a49484f63594f543731474359504f45635a485352434650542f484750797037735248504668597952357751444f4d5a337278375a485070373151676e514d5662415554445a4a7a31596447497867647655385658733556685241344d70556551634e6a4136386a4854412f41696e6555437a70303370755670543877787a3150516473314274573475444c31533758356a6a4944446a507479422b5a6f416446627a5278465855463453555a447a6c5437666965666356556b6c61475366356c6b6b52736f41654375665832342f373670387062792f337049535835537a63414e6741456e726a6a7037635536565442746b5a4e716f776a66356946584978307a2b484863554157644d4569664f4d4655506d78767a68523249392b6e4874585461583461693857614e66365675573076427376724b64562f314579394841396d345071435233726a597271544d51586378566a43775939526e48552b2b655065753238435862615a3468744a484932627a4532447542527877667a493756367557567659346d4c2b527834756e3753684a4859654564636678506f666c3355503262574c526a42643235504d55796a6b6637726451653673445630584a6235534d6b48485059316b2b4f552f34525057492f46634159575243326d7242527773663845352f334353436637707a2f414131304d305358666c547845655533336d586b5a374776314f4d3771353853343259735545573479544e78334a70703153327479436f51344f4166576e7a32617a784258554167646331526d306133574975447976546e4e556d6d395750597466326f5a6b425142514b555835746c6b6b6d6e524949315a336551344367444a4a397171524c4861327551634d65654f65665776467632727647743334642b465637702b6e4d4265617544624b36486c5965737048706b59583854575657587334536d75694b68486e6b6f6e6a31763853662b4672664758556463336e37416b67677356374c43682b5534392b542f414d4372372b2b45383862615045527a38673550504e666c58384239514e747149546b4648782f682f5438712f547a344d366739356f4542487a4e6a67676339425835764b6f36764e4f57375a396e794b6d6c466248726d30486f63382f68554e7a434a596d5538484848745472594d564735756e586d6d334d336c4b787a7a3656674d2b63666a4c707a2f41417a386461523853624b4e6c686849734e6256656b316d3759456a447559327777397331326d7579696531676b566730666d7249726473486f66355666384169684862654a50437570616263685a4972714634585831444c6976492f6770346e6b38512f444b47797535504e314c52355a4e4b755759355a6a456349782b7162612b747969713565354c6f65466d4e4f3337784875734d355a426e4f514d396166464a35736a50674141644d392f3835724e7462784a6f4e674234786c7476743071655766374e597a506b35354948763246656e4b46756835615a5356784c4e4a4d656b6a486e324848387138752f614e303964582b4675725262534a4669387853423346656c32555243726e492b627638415375572b4b6341752f43476f786b597a477772716a464e38724d373239342b565068566674632b486f2b64784c786b73546a5042342f4f765753356a7530574e634f5a5742553835507938357a2f6e3072784c3452534c464264326f424c5133674179514144794f2f7742422b64653251322f6e616a43556c3237356d7874664f446766687a6a7078583564696f636c6153387a37756c4c6d676d522b594a6f34684e476f6e57493449372f414c77394f66586e7055544c38306a452f7741414a5675536362523237484f4b6b6d684d6343524f674b7243324848484738396a56575756566e6c4b71597971416251447970326b6576702b74634b584d7a596f3275757844567072616449343246305769496b774d62736334484239732f5846614b5848326c317847724a357a344f4f4d62563666723337394b70366c704d656f423435314a58375557566b6241586b6738447166384b7033576c7a324e786978755447766e4d6f696d4f514f5058727a7830394f653157306f4e4e6758537243316a47336f726a42484f4d41636330324445695777782f797864543875416557376a362b70706c686533636b634e764c624b764c48636a35553864526a71507770576a2b61324c4b7149735568343672797839503834715a4a743245585738737a5245674b797835544f4f635a794d6654503434396151734e505656527430582b756a5842415a546a49795078707373556b69694e69474733636d37494a4f34352f4c722b46567043305371785a6430523368633763713359397a303965786f614b4879734c4b554f762b6f5835774f7539446a5034306f75504b4a387345496a387372594c786b38592f506a3631416d384d725241764846387937695353683477667a2f576d73476764524b305570697976433533526e48552f6a6a38616b596a6e706d62597934526d354f354f782f44493571635272637435556d46474e6d2f417948422b566a317a307831396169634150734c53424658593239647535543059666e2b6f39617177536953566f5341357a73596b64434f68484848536d674c45366f526e635378624f5132517367363534372b6c52704e4645674b417675495941486e797a77562f44703170383867332f494a436b7137746b66792f76464859386339502b2b71727a3359534e586a51534d784c3437416371773634344e4f776a6d487544626139714378757554687551634f436f362f353572704e4376426233635a45704f3573717a633848706b443875505375596c6c33617a6449574d61674b714d4430494848394b3037655551717a4d355a38354b344f4154773330354f52394b6d51747a327179315861796a64585457742b576a7a6d764d4c533879385a42344b7165506f4b375853626e664741546d7331506f4e7764726d6e6558523631566876666e71785042357135716749436b6c614a706d6472472f617a655942577a5a4b4d673167575334556331753254626574466848545745336c494453584e34574a357250687563415a707a534b34363149305233467a776171724f3266576c6e516e4f445449304f616d3561527136624964347a585936533349726c4e4c687936385632476c77594970416454594e386f7257692b344b7972464e6f4661635a77414b42424f7535445761347735725550497168635234596d6743487655696a2b565248705477314b355351376f4b686c586439617342633830766c5a4763566d32624a464255776347724d4b4850464b30574430717a6249447a535568754f6735497a6a6d726474455139537851677256714741413572524f35673159727a4c675657413535725475492b4b70464f6f78564568452b3067566f32636d57724d32344f6174576a2f5051423064752b514b736a6e465a6c744a774b76786e496f414a5278575665446b6d7453626748324e5a6c333171346b737870314271474c695156616d787a5663634f505375714a444c305a3656494a4d5657456d305a4f42544775674456574a7558684c6d6e62736e7257654c73657454527a6838633830574561455a347831715a4f4456534a2b6e4f4b7452386e31714755685a526b4373322b584b6d7452787830725075314f3031554871524e6148486176466e63514b3472566f6970624e6568366a48754a34726a4e6474757078587634575779506e3856486338383175376a302b326e754a6d32787849574f612b6266462f774153503764315352497047574e574f477a6741644d416635373136782b3044722f39686546326a357a4d546b4475422f38417246664969363452664f34474558494f43523136342f49666e58466d324a63357167746c76366e5a6c5747554966574875397651396630377844396f733267453777715438684f573578796550784870514e546b6d6c6c77416858354f6d51585062366568394b342f534e5141506d4f7a45624e7a65704859443039545734736e6b544b514273494a5a56473359324f5078494834594872587a3537707173586c51426d62444f7365414f7748582b74557a4b46784b48596f5861543733554159487233426f5761574f454675697862674862377062702b6846514c45386b4c6b4d504d696741586153633537636e314a3634703673435732646c696a6b78734b7775785665636e6e427a7a2b564a424c6c5951364d336c773941646f7932526e2f78366f3344756a45795073386e6c454941354b396839542b5270385551467734434d565649776f4c4e6b634b4436447454416b32787853355a4548376e617833676b592f38413169724e6d30547643465461593456415673354f346a382f766679716d49586a2b307949473374454143546a72745072317179355a4c693455777130676a53507a435634774647656849787471304f35594c2b55714d48414a694a326b5a77534432783731444a497a796e39364146742b447434354a394f6e576e495246466362416758796c35334167353238644f50765649754e7479346a52576b534d46743558424158323975673961424750346c3032313133524a374f5a6b5a5874694f53443142503538316866422f565a626a534a4e4a767a35312f70622f414765547a4f53384a48794d42394f4d2f7743794b366d354d6951796b6b487934686e632b514f673434786e2f4775433132622f41495133782f7075743852366666524a6133766c384145674647503059342b6a476867656f4d3030426933655a456e4d556959795747657550362b34394b6a743246704b6e4f544134583565666c3764666f4f763934564c487575544732516b6369434e677134586350756b386339757676545159306a6a6661385751597049382f6558362f6c6a6a734b5944377930664b7347514e627547527568493635412f4c70537a57384d6b55384b4137694263522f506e33322b7647662f4142326e53794b327779415a5839334952794e756359796554334835564248627932344a6b627a5a6f5749426a2b3451534f76636a6e762f41487151434d664f526f68474a69362b594f7742376a4a7a6a487a666e3731516e527239547542644a55793061353271344f4f5436394f6e596d726b775a576b6952764c574969574c494f446e483448742b4651536f693238304d594a5356664f52634867633866682f4d436742735568756973724f4247792b564948777135354159656e4750777a57767039314848354d6b5373387174746b50514b56504750584a48345972414c4d71717a50763370753235422b595a493435786d7231684b3831797944356a4b6f56477a744149392f553542393675446164304672717839444f6c7471746b795378436133756f666d567838727177372f555635333441314b54776e723133344631517366495670394b6e6b62503269304a34584a36744839306a3041507258592b417239722f414d4f514b362f7662646a45323035794f6f2f71507772502b4a33676558784e707346357035574858744d66375470383763596b424f55502b79772b552f5776316644316f3161635a72716a34657442776d3473334a5958494d4f634841782b662b525746657264327467763268736b74675a584178754b6739543348552f304e58764176693678385a2b4737445743546165552b7938686b3465326454746c522f546279666641506576703266772f6f756f36644a6f3978706b58396e4944442b2b6777504b566368316365357a75343533567859374e49344355453433756259664350457154766178386f4b4a684b7173417241637154675a3756355438577643712b4d744e756271594657685862434430322f3841317a7a6d7662645930394264764647374d4a4a504b6a62327a314870774361355834682b487844706a70474435516a323137384a4b576e63383253636475682b6576686d3250683378766651414d6969514d4150722f38415846666f782b7a687244582b6a78785242736a413339712b46626e7764663678385642702b6d786566504b6a4d574c6249343155686d643250335641427961372f77434658784d38627a36336436486f4d79615844625465535a7a75666552334177446a474f6f723836787346517845715a396c68704f72526a492f53343342686879794d306e3931526d7348563955765178386e5437686a6a7267663431343134652b47586a767842624c4c71336a3756595559416d4f7a534f4c396345313376682f344c5157785672337850346e7663484c655a72457144386b32347268746255334f4a2b4948694f36736f6d44324d734a4a354c47766e62396d487859383378692b49586836636d503754636d39695139396a6247492f4131394c2f4848556644506762777a645232317871647a66796f564454367663793754366c586b4b6e385258785a346a673162345166456e516648634e704b30495a58756c554835346d487a7166774a72333873707963766172374f2f6f395077504d78306f386e73337539765648367365472f686c6f30766875326c5a5761376e68446d634f63676b64753165572b4c4c65577776354e505a3163527973704939467a2f5846532b422f6968714f6f2b48724335304c56494c725272754e5a344a4a5952495655344a436e5048304f63485073426e613564506461744a4c4a4a356a5a2b5a75374d65575036313234476869616465627253764637486d346d72526e434b70717a573546626838395152327a3346632f77434f4d7936426578413956625035567651386447797138636e72575434727431665372724844593966617665683853504f6c74592b4c2f687a4d62547862724e7152387a58714d464a50512f384131785873756e7a764e63706d50424d674f65682b3730794b3859306866736e785a76554a584479524d426e41507a482f414f74587357687953544e4249374277584f426e37774148427a302f2b745835746d79396c6935726f6661594b585051677961373365516a4d37526e794165546e42387a505830714b5256525a565a4d736467443839434f2f5563344850734b744e47306b4345354736456b457674786c2b4f4f2f61714b526676794133377a7a6f41785134374d654d64422b56654e6f7a755a4b566a6d75705144387a58473046787a333434786e6f65314363334b45355969646d35504a4746774f6d61724a4a4c397555444c6f626c536f3359427a6b6e6e3861636c303030384c636c476c623552774d685634774f4b72705951324e52413971636f6733383756794d5a39427a32706b474a444532316c436f784a484f527a78304858313536552b33756e6c53453565496b6c742b426c51426b392f30714f33754338554a575975786959374a5152753550536e64765641504d3232544475474d5a337838486b64782b503944363078436c704977526c634b367474445979434d394f2f47507a4e566930554c7158794a5177594c6b4c6745632f7742667a71564c694d7949436f4b516e7931796f596854794f662b2b767a46546444755353424935305a7475454f30486f585567383950632f6e545354436858427845664c6341484a4763672b6e424a37556b362f3651705a67517738747777476334427a786e70554a6c5751497146684a496e6c4175324f52794353636653704334325a6e43685858655357675a7334414f506c787a7950366971373342414778475270426a706b6c6763722f6855737a2b61364d6a6765644875445a49496466556a7667456638434e49366a442f764e767969565343654f656576662f4142716b555247376c6e54434f55796f6c58627a38792f79794d2f6c564f346c356d326867674a507a38417177347a2b424835565a7557563045694d374c4a4a67523548526753422b474457564d51734474765a313245686c7a6b4657774d6667614c6b73772f502b3061354f6b70507a78786a62674444414871663839613045764d754a6f69514749646a744a35364e7a6e6a4f51656c59634b695478467142336a7a466457567a6e4833526e4766722b6c6246787345784b5a59534f4749626b664d4d48703077526970596a757445752f74466c432f4f354d6f32546b38486a2b65507772743945767346526d764b6644756f74426562534632766a66786a6a4870396331364c7033446a6163723250714f316363303475353255354b55624d3946736d57654c31715239504c486973725270694d4131313168434a73635a4a72614a7a7a52697243384f4d3166747267714f52577a4c70595a654678554b3658375673594553585932394b634c6e6d7054702b33745562325237436b786f44507a566d3249635a716e396c636e474b304c4b7a6345656c5a6c47397046734377347273394c746341635667614861484b35424e647870317468516355434c4e7646744657635971614f436e47496a74514d725a4f615a4b6f634770585572555262424e414651706a6f4b6371666a553241314b467832715769307871707a7a5374386f7151436f5a2f6d507057547562706a4747577131627077617252444e586f77467155553257596e77414b7551754b7a31494270566d415057746b59534e4764766c7168754f546d6e504e6c4f74566c6e797846575a452b616c69344f525547564f4f616d6a497a78514f78703272456b4374534275425754613845567077644b42456b35724b7557796130707a785756634e7a576b53575a3033576f5163484e54546e6b56566b624761366f6f7a596b302b305654613577546b696d5845754f395a63317a6a4e624a45584e54376341635a7133625857534f61356333527a563679752b52567549726e58775442795070576c4132545850324575635674573738317a7956693058694d7256433648427136702b5830717263726e49724f4f6a43527a656f4472584b61756f64534b362f55457947726b6456474163313765475a34754a573538682f745658534a724f6b576370415577753435787953514b2b5837313537665547696e514970354742376a702b4838712b6966323262655733314451372b506854473857523671632f38417331654761366a616a6f32695870507a7445467956354a4434427278636333395a6e6675657a676b6e6859572f72566c2f5372376373525a6756583934784f52774f673434366a46646a424b393570686951695352763370417953634145592f443954586d2b6d6b78715659736d41453342636b383771377654727752334d717563504b776854354f6d4f2f747a742f4f75564b3530477663534b6b556757554d753549392b33754d644f7834465369366a5a485a354738746d5559414262486348675936566d79785257387339734137424a397362672f776b45676e36477255426a615a6c6d68346b75414d54484f65534d656c55674a626d5143573552692f6c6d55526a63324278752f54705432434d397a6c674158437273624a50552f6c554c3361474563454d306f4f3143422b512f5038716b74373450486349477a756d794447754f526b5a70674132433275737948637a41425779446a6b592f53725266625071442b547957794e775049357a7a394d30727a626c6c3375323253515939687536443836696c6c323239314a46764c4e4a74425538444834656d6679706f427479356a613459416e415643716b4870312f6c3071786368705675796b52322b5970424277446745486a384b72336b675765394b4b646e6e412f4d784f526878322b6f3537564a35375351532f4e3870754f6a456b5936666e2f576741754954766b486b455a52666b79506250763841354659766a7252597461305055724d784d515930545055706a706a36597253754c6f655665736747774d7134487a4e67376743426e2f4f4b6d6e754e7a337a5955494a56495972744a366e4247654b4c614159337777385244582f43384e766454716c2f612f36504d4a416369564f4d64653448474d563252437944392b5154636a496154436b76776542337a7a394d6e3072795053726e2f684550696863514b4d576d734c765849343835663646542b4f4b3954326a61384d6246513337355669345541446f57783247657035322b3949435979784f4d6762476c55706b664e38325231392b6836397a365656615645454a6457486e414a4953666d795062702b6836556b30626b50356e4d6278463132415a59444f662f5a68554b5168326b6a6c51624c68515275484a6b48636a33392f57674356373068465a676f386e39334943656f78674439447a376971676c7a447469627a66494f354832342b513447526e6f4f6c5454537250474a5779776466496d387a6c5678305030364838366a386b4b6b54464d6e64354d693931423345633966622f41494451425661326b5a5a46575442552b5a477a44674c787a2b6f354e614f6d4f73714e4b7838736e39346d343835417756414f4d633863643856556646756f4c6b536d4a684873622b49636a62395076666e5472475932367443774c5478596b6a41795a47543339683178372b6c4e6551487350777176444b645368445a6964566e56686b636b345058707a2b6d505556364966336b522f76626a2f77447272787634626170465a6549494c645532525467714d5030444449483133414c3961396d6a58486d41486e73425836446c4e5254777355756838726d464e787274397a7948586b50777138642f32364641384c6139497474713065506c7462672f4b6b35485a574243743734723143474f2f77424b7466737476724f707961577967525762336a7646475052564a366533536a573946742f45566864366665774c5061584d54527952734f475535424665626541764846783441314f66774c34714538386b536b614a714a51734c364c2b474e6a326b58707a31484e65314b4d5a32625637486d71546a737a6631627856625748694a62504f32614646334b527743774a782b51464f385361377074377046774a35426250747970493450484e574c727769756f7439705941334d6f33794d423159386e6e3048543643764b766a44646632586f6b30443579554b717778324e643056463274756a4338746e314f61384f2b45306e4631633234566c31653664627938556352366662675354414850416b62436e3178697337396d3352662b45672b49576f33786a415734755a4c6e626a674173636670585161353479742f432f37503269614c70347a71756f5778467a496557574e334c6c6678347a58572f736d2b472f7355557436364146674e7061767a3746315858784570732b787738505a30597850702b7a672b7a514b692f4b4142674375653862654b6d3058545a504b79484949343635726f354a647674782b566346347274503751634b5147484f523656784c5531506b2f77434b642f71486953366d61655274754d41486e72583042616547744a386365444e4b6135745972693375624f4d374747635a52636a384f522b4665632f454877387167787852357a337274666766714b585068535853704a51747870383231522f734e38772f58642b4666525a5855355a4f4e397a797378687a51556c304d44346277792f416e786c48345a6e5a3566422b72735a644f6d6b2f3563726a4a3352452f77423039522b507658724a644c795361564475566e33427655646a2b6c56395930464e53694564356251336c746b485a4e4572716363357752317a56714b45774964682b5567454143766f326f76336c75654472646f6c695252467542486f5256485759764f3032346a344f45362b7672567749334a786e766a745358455736316b58755649705873376950686a5867644f2b4d67566a35516b49552f772f78447658716d695843535249714e7379366b6279635a35347a36484135783372797a3478724a6f767862735a635a335334424c65702f38417256366234567566745676614d2f6c38452f494f6535774f66787234545059754f4c6b2b6a5072637364384e48794e6947566d7359705854494d4c414464685238354f5030707170484c6659516c5838364e6550756a472f6a7638416e554571726177414b356a4a694f516f774332382f6d616448497775573874515838316a6b2f6578673968587a6952367a4567634c655735624a6a453549445a366a4830365971466e6442616c47526c63737a5a55344235475030464e675a494a59647273475979737565634862366668534b306d2b33584d6268456b79685837764a352b744d6b64426d4b4b4839336e4b795a35475075456a763755364647685a566c4f306745685a554871542f6e384b5a4b7177716a70746239793766757565437048387a2b7070557a356a49726c666b786745466334556a2b644464674b50326c35696b654864437a7767344849504948505048483555535165637175464245694535593957586f507152327030553030734c676665787541624977772f7744725a4e4e6d66795a574b6256594d737963416a6e73546e5031794f3141457178433568783535444d6f61506a6e4b6b2b2f2b633079544d6e6d4b787753524b6f5079386a366e2f65714f466844464b466b32724449485461705971684f63645059666e5435573871514b7a4d5656694d6b44444b5151516565502f7230415445784e464935326f46496d626b342b6249624f4f427a7742565351704a4b696b4e49794d304a4a47543744726a722f576d4a6b34584256303377794d53543767357867396630714335496c587a45446346476a49586b597943636764794b5447684a6270434d526c324b46584c4d3634424248743734706a73754f49585a535842424f514749794f674863565663795267784f6a5352424779656547335a344f4236556c305a70496d4b78454e357759462b41632f6a36486d6b55633161334d567865584d35684b655850744d57447a786a417a374439613163387a42414179416f3265344854412f587033724930465775494a504c66595a4759377733414765546a384b31344957694b4754647363675a586748636e494f4d39782b644574684d645973546471787975534e6f624a376e7150544a4665752b486f694c614a534f696a47653472794f306d53475243776a336c735a49352b364d636b66352f6c367a346531614b36736f3546624a436853534d567a793152564e325a32576e45497772744e476c4756727a793031414678673131656a36686e484e4f4b484e334f2b54613864514f46553151697669492b445448767544334e586378537558586b513147437248465a7258707a37564c4250764e4c6d4b3554576767556b644b327243785632554156683265575a61374c51725973564a706b6247336f326d684e764664546132775544417174706c6f4e713856765739726a7453594553772f4b4f4b5938574b307862344651545264654b52526a5849774b7a33666b3170337137564e596b7a636d6b424d4a4d4770556c724d65624237304c65624f707058413157664e527575526e504e5659377847366d70524f44394b54567a524d6447647071794a7339366f764a6a70544263456a6a7055324c75614c33474277616957344c4e56507a4765706f31716947376d6973674b56466e6e696d526e4941717842447550536e636b45444846584c65496b6a497153473050484661454672674470545177746f7a67566f7772676330794341414372534c74464d677033542f4c57564f2f4a71356553664b617970704f546d746f6b454d7a645256575135512f537047594f61686c5942547a6d756d4a6d7a4a766e7744574a637a6c643161326f4e7a584f583070424e6455555a69506562543178576c70552b3978584e456d535446622b6a52466356704a61456f3754547a6e427265742b6f2b6c59476d6a41466239714f5258484d3252656a4879314463723874547872525046754846594a366c4e484f61676e796d755031654c676975353142506c49726b645669795458725961566d655669596e6748375176772b67386465413732435172484e62447a347058364c6a672f7058795234342b7932326a61626157684153306a454b746e6c75526b347a31505776716a39714478572b6b3642446f3971663339353838754430544f422b76503456386936306b736d6d526f77584949634d546765347858446d45347a72653775747a7577455a5536467050665978644e494573594c4e6a6568797642394d394b3676537435757262392b57337538672b553973592b7649503556796469664b6e51712b38426b3341662f4146363162535547654976496756564f446a4949796533345635794f7737545734334a7335504c55534d3579347a37486e384d2f6b617269356a6c6132594270474537415958754d6533762f414471525657665459576a477757796565647259786875522b587656464a6945737a486838546e6468755230485050664655426169754179776675397a72494d6c6951636a622f3965722b6c737a78786c6f6a45356c49357a31794f687249696b4c6553797a62413070345a636c656d4b74616249476a6a33544d70452b437051416665486638414374454f787149386b3173685359686b6d41436c7639337255625353746279676b4466634b4d6741354a4236354e5171385032534d4357514579674435763841642f444857703763772f5a32596f7a53656341436359484831342b744e434a726c57613875454f7779433447417a2f3732656e626d6f6e6b56306d4563624d544f774f435267382b6836556b364a4930306d43342b30344b59484250362f38413671534e6c63454c477274396f2b62654f32434f77343655755662414b635738562f7456546d5a6551334f666e36354e574c36525439724a444d336e4c754c4849786b6e36644b6a6b7379735679785143517a67734363663376616c6d65635133794a7377484141354f655477654f774a6f5633714278487854734a76374a477357713475394f6d53654e754d6b676b34344854417858632b474e6450694451374b2b69666247345751464f366e67676a76672f7a717472554358476e5863586c6959536665417a6a507a59354a2f7058436643613866533956316277354d442f6f737279524a304269596e505871464f616c3661416573525349415556386d4c393467343267455a366a4f65674f50725664304d7345757753434534654a454843343765704f426a3667565a4342506d5a504d45546257424a334d4d6e50586b3535476651696c4b59686c486d4257566733796372744a342f6e2f414f50656c41465971706b61495a43334b62315159335a41366578362f703178696f6d506d4d30766d674c49766c6b6a6c736a754f6658487231362b71334b6b57722b584557574d695350666a4b386e366359326e384b69756c4577645a4a4d5273766d6f704f446b44742b5859646836556d3767556d7541666c6a4c4c4a74386c335964503770796568366339654d39364137573751794d7043786e79704e70797a4847426e2f4149446e6e31464f4968754330675a592f4d7a31546b4f4d38416535782f33304b494966746b55624f484a6b5568383941775048663666357a564162756b58493035316d696239356253376b326b7468633536394f4d41313948366463706452787a783432793753426e493546664e5768334b4755524f786b6a413871554e7746474230413634487236563762385074544e3534646747666e7479596d7751634657342f544666563548563936644c75722f63654c6d6350636a507a7364726172764a4a4f434d6a6971743359784e4b6b706a566e5535444d4d6b6654387a54374f6245696a6f4378424865704a45794737446a422f477672623633506e744c4357387177736f3448343539612b6266326d377357316b7948676b6b444666524c4859585064546b4838362b562f32717454437977525a4a4a6b547636734b305435597a6c35416c7a5369764d6f796547357236485377555a6f68444867456473437671543450365844706568524b69717077426743764a2f444f6c4a65364859794562696b4b664e6e70774b396a384645573173497a6a4a3434723457533162507275694f3075585a6b4b39434f4d6973695379334269344150504f657461306a45784251662f414e58705653352b534c5a7952363936785441386d38596152484c6345675a77633478774b3834384d61744c345a386473674153433754796d4851412f77414a2f702b4e65312b4a4c5439336c327778373838313478346a30546472437541526b6a4248474d5633346171365652534d613050615163543233547459382b456f2b52673936306f3057534e414a4175336e2b6463686f6b3576644c74376f6c684936375a4f6e444134492f4f74324762355679514f63484e665a6153584e4871664b744f4c737a546e38754e56437347474f654b693371364867345048365971737a2f4f6e7a456a71654f76482f3171564a4e32344c6a6c63382f5769784238612f7452576932336a4c544c6b4435764f544742304f636631726f50437a5358466e42734c527349692f49345042347837476f503274624e63577378417972416b2f52762f725655384854732b6e527377636a375077334177633436666a2b6c664938517874576a4a6455665335524b394a78387a74324f79414b3458637361676c57366b394f4f7835705a79596273374e2b2f7a585937543148476550782f6e5458596768554446306a6a5859334f6342656e38383074314248397451756f4d6176493532486b6a742b566649505539776974597971524d736b6556676c64574833546b46652f39617170424a48655a61415074684b6b6e4935497a32343631496b4379514b676b62354c596a49343268704f33515647597034413433467a476741387667594a7750384139564d524a4d69497855415a2b7a4463526e482b73586a6b59365a7041486a686d6d4441787167554a6a723036594f43657654307176664930596c4b7475506c784b77475637676e722f7530374c50464e756b774f4d6f514f6e6f505134422b7441447930536c58387432514d4843743177546a7636667a7856614677356a565274594d3051566c77546b2f4c2f6a53424a49354168574e53753648636f3547526b6671425333506e6559576159524757494d71357a7a337a6a36476d4f7844426545794b6b684b4c4a4730523363457344774f66772f4b674270594d3741775a57425971514d723950596672555678453062794d73695279416934474641366e444c6a5072672f685470397a466e47365142772b474a3550543078365542596d6a7550736b7a53784d67566c566d794f704459494950736630714f655a6f7370456551727141763144414439667a6f6e7459625a437578704153796c3933596a6a38632f77417171796c4a484155375332303777334f536e726a32714151326155736b714954766458775749374164762b4247714e396379706253764b5842565933445a4947646f3966382f7741366c4d7a78764532446a6b59424766756e763336447057587274314a486f3136386b796b6553584132356268694d6a394b704646547773344e74426e4346743058624b6b34492f556d744f4f6350786c2b446b49354248424f4d38646552575870415743305a476a6a2f644f7234635a4c63446739653550365675787879542b63466959526f324d4142514f516636564d684d773732526c6b506c63506a487a485062384b36627768723751794e6179506c5834475479473763567a392f594e754f3841746c6367394f342f6f6172527a793239303869743553686957437141652f583836794a5058374457666e414a7751635632656a617344673572784f48555732517a6f2b34503872592f7644762b4972724e4431702f6c2b5931514875566a71516b6a786e4e57784e75365677656a61775855633131466a65655a697332614a47736b426c617447303039754d553354564568475258566162614134347046454f6c365732563472757444302f6156347172706c674267347272644c73774376465759744772703170387138567451322b4230714b7a68414137316f4b75466f41674d56566268646f4e614c7278564b372b3661414f6331446f6135363566424e64447151344e63786574676d6f4769724c4c6a765652376735704a354f7455704a666d6f4b4c6f75794f395370664665395a426b70444e74464147384e5342474b4676526e6b34726e54643763304a65626a316f4136714b35796544576a444a6b644b35657a6d5a694f613654543133597a51426f32305a636a697469307465526b59714b78747763635675577341464d516c76626741565a574141357855714b414f6c5071685847684d5536696a6f6330434f66765836316a334d764a3578562b386b35357245764a4f53613659497a5934545a5042714f6558436e4a7250467a734e4a4c64426b357270534d79706654636d734736426b4a78576a63793769617a3259453130784d32513231726d58705854365862594367437371786944506d7570302b48436767557076514561646845523759726274553647732b7a54432f5774653254474b34354d31525a694842347a54355075394b574d664c5379644b3575706f59642b6d5131636a72624a6277537a537345696a557537486f4142796137572b584f6138512f6161385770344d2b46577233486d434f3475674c57484a786b743937386c424e64394f6649726e4855687a79555434632b5058786d4775654e74516e674f364d5073514d514145474142313942586a393334346e31484b484144456e436a3234372b75617136724c4c7156394b386a6a4a593535392f77443635717642592f78465152755867483631356a626b334a3954304c4b4b3556304e6530766a4e4d43666b3275724e77526e6a69746a544a4357526a4f4858595365353731673230487a594462736266764848593170774c396e6d6a6458775147372b353470434f3530613753574b34695a77514946414a357a38772f78716c464739756978766c4a59705633383835473444763841374a2f5371576c58662b7349334b4245696c65705033652f3447746a5733653331426c446c556c6a5734444e6b44646a6133626e6e2b64614a36415535554d6177376c4a547a6d56736b4c676e6a726a6e7055397063694e6e6a65574e4d584177717166666b384830464d387744375275556b733673464f503467662f6976355645736532357531693278425a56596a4947426a4250366d6d5663316f696f6a68557541466e786e47376b734d5a503071304a534c5a6c64632f7642675a4f4d632f3841312b6179693674464e4b386968524944744239796539546d3568574f6450502b55536867754f534f655038415046434a4e5241755a305256796c7a6b2f5067726a4e53467846417a73716c6d75436f3364567a6e2b687a5653346c5234353179794d737734417763455031394b644c4f437847576b6a57554f63766a484279506670564a67574a4e70676e4943522f36514745625a795076644f4f2b6162644d706a314630436b724b6f4a4f64773539687a307038766c43336e4152647a544b4d75656e3379523756446353785351585257464235637166757833353548482b654b4539674c46334c4a35463269756e2b7347537148492b384f6e3431356e3438332b462f47746e34675167322f6d2f5a72703036624839666f514458704e37494a764f7956516952643230414566654279617750474f687736376f47703276797372747541493663746a4848586e317062676476597977587978735a634c6a5a493263673844617850303766374a2f4759724368422b627a554f325a4647536f786a6f50702f6e4665632f427a585776744e617776432f323230647257644f354b6a35572b6d33382b6139436a6b42755267724368426a6b5939535267416a386c7a2b4e41426637676c75386d3739303556777639306b3542394f2f57714538667a73734837715350356f70474a35513835586e36667236316475706f74705a3177354a6a634835756e73656e474f50396e337169377965594779697247786a6b3577574248707a314766307041564a34556a61534e537a68786c515737642b65782f777038513879563163655a356e7a7245446a61334f663133666b4f3346504e6f42437970686d746d79724e676b722f6e2f7742434e5637677877415247544a5169574e30412b59592b59652f62386a51427457634b66616f583341693677724b6541484148344135415034313658384c3774494c6d2b736977486e4b4a68474f6f6b4879762b6d302f6e586b617972497a72417a4b72734a497757364563347a2f6e4f4230727276423270665939577337324e5852504d475347794d4546574a2f413572314d75726578784d4a4e2b58336e4c697166744b4d6f6e75304c415445672f50754278576d3065364a574a493479667a72444c4f68445a47526a505061746533627a6264674742344f335066705836504a64543431506f5562315373636a354c446a702b4e664866375573786b316131414a322b62482f36454b2b796a6d57335a534365334666483337564e6d59645374583765644763663843464f583847666f797166385748716a334877534e2f687177554a674e4570774d6a7458716e68697a3252526c786873414833727a37346578682f444f6e4667503841564a2f495636686f2f45594955385934506176684a6454367847337344714165423347663556444d684a77655154775436565a694f55424f4d6a38635644653553456a47542f4b73526e472b4b4533596a783875636e5061764e7464734e30774a4b3478775431723072576b6b6c6b423659366478584a616e706f6b6b7933456d6541656c644558594344774e4d7775722f546d4241614d58555149376737582f77445a442b64644e4c413849594d6372752f72584b535833396c654a4e412f684c797441534f68334c6a6e38514b394145486e704a47774964426b67397a58316d42716339465836487a574d687956644f706e444346534d4e7462622f6e38366447534a7432336f54774b5757336146582b59416e3568554734787a6e767a794d2b31656a75634a38302f745a5262394b4a4b676e6b3550622f4f61356677484d37364c4737732b54464741632b75446e47505931335037543976353268796c69506d79414d644b38322b48542b646f4e717174755a6d695462674841326e6a503469766d4f4959363033354830475550335a727a5056493970756541415050564363455a4159656e48515577586233483731416a455275534267676e4c64502f72633057747a4a4e4b7a6c7438597546326e64376b6e746a31714a31694550793579497467644468755377776339657466454d2b6a4a476b67743435556b796d3149686b4171447770786a3667696d6d4749704e7363707556426b4a6e33326e4830714b544b4f41442b37557844356c786b416476666a50536f326239334f676261566b51646a324949782b56496c695830506b3345364a6c35444b694643666c774659666f66616d7644746a6e422b562f4d554b434d425468682f3841572f476f626d555846314c6b34627a6d41485041352f58424e5333575261584252324d676d4949417765414d4870327a5432424451533670475647436d3871784763714f336338553239614d524977324645626355584a77704850422f415649377878414d6b657a445977546b48497a366a746e387167684d666c4e4332316d4b4d704741754755357a6a2f414863443836544863575346556c7438714135566f4849504962736348676a6e7056554753614f4e755a43774b652b5635364441374368585a37636c32554d69695441796568776366716150504347623574337a423034774d64527837385577754937537935326b685474624a42354b6e6e4742365a3631424c627a772b5875774175304f574a4852694f507a4653686c6451433870564155566d556a7230786a3631584c43583751336c4f6372356741786a4a41663841396c4171526c654b49744c756661796b6a475342675978317a36317a6e69746c4e6762645a41544c684e70786e69544a48497a30552f6e57374c6b5861736b555949494947374f666e3936356a784a4f4a4e54736f4677475a3978415944647952312f47674457305645444d75374b795141676f4d62754231343952572f597a4c674b7557415545734d354243444a39534d316736556a434b43587a45516d4d6839777a6e6c6a314a3744483531756165364d795a6b334d7756654f53787752302f436b784d677667574a445074494f534d597a793244575666364f585a6d6249516a312b397a2f414a2f4f744858534c613456794353784f636e503934386a74535746334664416e494c655a7847703641354f43665934465a6b6c625156486d505a46686b6a4b674448546e702b4a7274644b73475448465a30476b6d33316e535367436966634350584172306254644941783874614c564139422b69327a6a61414b3772534c46323231533066537747586975363062546741767931456b4e534a394a7347474f4b362f546255677255576e57414148793130646c593432344654594849763658626b343472724e4e67774634724a30363332676356303168474142785446633072614d42416630716356484877414b6b6f4152767531527538632f53727274785766644e77615441774e533542726c37314d73654b366655446e4e59463148754a71514f65756f794d316e534b32656c64484c6237733541716c4e5a346f4b4d51357a3656472b6356715061453143396b546e696d4d787053564a7059474f65617433466d523271464c636871414e6254323572724e4b624a46636c594c676975713072714b4c457337505451436f72616951415669615879414457366e336677716844364b4f394641425252525142794636655457486574674774335545354e59476f44414e6463444e6d5737635a716e5063636e6d6b754a7476465a747a646844585a464756796165595934504e556a4b51324b684e31764e436e6534725a49686d3570625a5956324f6d52376b46636e70455853753030744d4261786d786f314c655043316f77397172516a4363565a6a3449726a6b616f73706c527a7a543335576f31504170784f42575261314b46344267353446666e482b335238567a346b38646a77785a544532576a4b556c326e4161647676352b67774d656f4e666f643474314c2b772f447571366e7444697a7335726e61663474694d3250307238622f486c314e5072642f4c64794757396e63797a4f375a4a636b6c732b2b53616335615748434b62356d633544634b4343324d5a7a673963396175516244426e73574335335a3741392f725757736f4162634166546e6e697079796f716850764269654350542f3631594647756f41516b4b3061735579636a4f4d6466353161574e6d6c52565a735a6264334765656f2f4f73315432774f544763416a6a6a502b6672567149346b436832794a573450556a7651427132344c787976356d3362456a5942414a4f522f546d75703156486b30364f34596e644873334f465049596745456a3378584651743571345a3279736138456e6b62735a782b64646e465a4c66364c66772b61512f6b7273556b386e4f51542b4f507972534c577747637271594a73595439306a41746a4a7874372f51476f35467a4c6373474a4452494d4b784f65413250546e4e4d7362775856704879417a77736d437565655230396a5468744c52734749646f4735414f4f43663643693445736f45456b7762674251516a454873506633715357346a64376e6c4e706d562f6c4765756576465a3845674959424349336a35423443342f384132617543344352536864696a796f354364784c64427851426f584d30456b56775a4838334577776f586b354435357a567064686155495371696263434d6339652b6178444c2b376e4232434d684843734d6e4f414f4350393674524c344a484b504f43715a7552307a313944564c5667614b7646353179704569735a68387755454868756367565063374a426546586243536a6d52534351636e47652f5838717078336173626f724936375a6874474f4d596250422b6f2f4b725573795269384279574d6d5268656e4239366577445a3546614357416c6c334f464c455a423550485833714b61547a62652b44753245754d68676344487a413866352f5770596f79595a786b736f62715635366e504f503834706c33446953385037774b5a41666b584f6576662f414270707134486e756f786e776a38536c75314a6773745366795a482b364249507545644d48714d31374261544455625a5a3032687051434342744f345a344a36646950784870586e2f784e3850384139746144666d494b4c6947514f6a4253434341434439666572587733385553366e6f6b44626a39706a79586a494a324f764471423965636475315273423372772f617772513779383542776f492b5a65684a36396666484e567053725731744b774b49564d62694e4d63676348412f446e7078375573386b73686b547a33386c31446f41636251654350586768767939714754636b6f446c4575447556442f432f5063396566356e316f41715458446d335754495942647249703667357a2b575350714d566e7a514a43776b5351537443666c42584f564f6576703150352f57744d46586b5a70485549366c572b62674e774354394f442b42716f30336d4d796e79316858397977485564634836386e316f416261576e324f4a6d69324e744f3548376253636873412b342f4c6e76585232306962516d335973792b5a476f48493952783034474f7659317a43534744615a6373595843474e6553554f655078504834317557457a4c43596f59384e442b38566e7a6c6b4947374a2f4c3961704f326f31325a37313462762f414f314e42745a532f6d4f49396b68497753796e424a48624f4d2f6a577a7063774a433863484742373177667773757739746557426c38786b327a49633579724474786a734b36714355326c3055504734357a58366867366e74384e47666b6646596d6e374b73346d306f387556307a6764612b56663273347756746d436e634a457867656a4376716938502b716d41474f6872356a2f613069785a524d4f3071395039367579313454586b7a6e576b34767a523746384d43733368625463383569545035563670704d5a5a4f6e796b3472796e3452426e384d5744726b356a58672f515637487061685946377667665131384450646e3179324c69786949342f50337147376259754d37754f4b6e4a334b5062763656444e4772355870786e465a495a7a4e3842754a323866546b6539632f7145506d75775a53324f6848555631393667544a4f506248386a5850534a7365563976506356716d423531342f696e74644e533955376d7370557556474f757767342f48474b395153345338534b654c356c6b55486342314247633177666969467452734a34787a45774f35545770384d645461363849615a752b6553434d327248766c474b632f676f723338736e385554794d6648345a4852336171364135375934716751424e39307344312f4b7461345879324b6b65395a397743727163664e365639416a777a35372f6158324e7044416a6e6b38313552384c48387a52645044625578494e70787a39305a2f6c58724837522f7743383068733951447a586b50776d4d5a307932387853466938776c7832786e484861766e7549644b644a2b70376d55664655586f657136617a53322b4175776f7a676d4e75546842366a3371655245533349436b4b554764773645756e57716d6e70456265462f4d55534a437849547332356744672b7857724d69764348544a624c52786c6839344442505164656772344e732b6d4b313257676c6d56496d556d63414167454b41434d656e5144387a5538636b5564306430516b3354396a79765066424241352f6e554556334562694e314f7847754f637468757566706a6e394b57306b6a38714c41596676576457595a2f4c386a533345796e62786959785a414353536b353578323471654e56614b33336a486d534f4e767a4e6853414f787832397574454579764a627364704b3579514f754143443335714e7a354d4e75464c526c67784b754d626348726b64547833394b417344713063306c764d555445624b794d70345963355038416a5357336c52766b5341355a5a6367486e5044416679704a5a316c69522f4f4778536b684978304f464a2b75534b674b7837796f4a5a414751386b6e706b5a4178337a78547546683975496f326142704d5268696a623136723250346a4f4b724e48464443676a585937527370492f683238353539674236564a4b304c782b5943504d654d4d6f415059392f777a2b64524f596f5358322f4c473679374f7533634f6570783346414963574245684f386b6f6877437638414363647172744d714d6f43354a4154627751764c4b4f33707a6e32714b2b754a6b4d5a434b71786877427535493435357069764b37454756506b4a5a6a366371522f4f70754d715846303855716245774747417758676e4935785845586b357566456b54666538744f565062356a6e36644b362f567044444d4157336244387841373859372b31635061735a6456763552755a57594b484935474550703735704a676466706475735a6a56486157494f305a4c6b44424948493539736668573770302b4a5647426c79427358334a474d3539654b3537533443626a635542416d56687550484f374939657772626838794e41785249673433487267414559397836666a51775937787070386a326e6d524168423870584f54332f787267724c575a494c6c51324e7059452f4e2b4e65792f5a6f745630655746426e4b354c67416359782f4d4e586a477636664e7031394b6d506d527476793941503867316d5365792f4474763841684a6232796b446559624d506b6b354a56754166304835313746596161515278587a62384450466f7350465672424b78574b64684332527838784f446e324a466658647059414e307253496d4f306d77775278585a615461624376577333543752527434726f72465168484644495a76324551474b33725641754457445a79644b3272575449464952755772394b32374b546a72584f32306e49726173704f4255737047346a38552f646d7173556d514b6c44556978586247617a62782b54563253546973793966725359474e65766c6a575a4d4f74583768737456436676556756646f50576b61414d4f4b654b66487a785142542b7944304e49624145644b3051674246536f674f4f4b59485033476e64654b7a354c4462327858587a32344b357248756b417033417937533232745854365a48676973534967505735703034474b5948573662774257374839327563302b344756785851514e75576743513952536a70525251415555555541637a71456543316378716832673131742b4d35726b64624731536136365a6d7a6b72755844486d734f2b754d4d535456322f754e727439613576564c7362546731364d566f63374c6b56304333584e614e71345a6c35726778712f6c50793162756c3630475a666d72567251523658704f4d4375773031674e764e6564365271796b4c7a5857616671673435726b6d696b6468415273363161513869734f32314a53426b31666976314f446e4e6372544e626d6d442b745066706971305679723471786e635057736d696b7a67506a7a34757366412f776c3853366e663757682b78535736786b2f367835464b4b50317a2b427238612f452b7676714f6f546c76336a50497a7354366b2f774436362b30502b436d48786d4546376f2f674777755147675158312b71484f485966756b50706863746a3059562b66384537537a506e50546b44767a574c64326170575272785468677241416b6e6e505471613149356c5a6c4958504a4f66657361426351676744747765334a72525450554b54677433427a534562635573506c73704753436a625477667569725a6e69334145632b5932417565654b7959336b797555664b684d4138647176787649747779374d5a636a4f4d636e705142656a4c527341687950732b4d4b542f4148682b76577571304b654d78533558457578546e64794f6e765848724b6476335755684742415058484a2f585035317061652b396d426d4b73595231417867592f72564a6761752f77437836784e41477768645a5556514238726853656e546b6d6f58564131736d4a414137526e6377786767646839653951654949337432302b2f52773237454d6d505842322f31483456576e6c64596d62635132384d4634374534375a3659707343304371716d493142436c43546e474f526a6e69726e323042574143344d484a77635a424a7a7a374373695274717474643541736d51534279443047442b4e577256556b454437574467535267487675474648362f705533416c5355375476415576454756514d6b2f4d4f3439422f4f744732755a70566c793442446f5132435341526b316c524f6b6867664c53457773416651644f50727a2b517131412b2b4755446864735a784963394f4432353537565359473039357445705754636a536337543663486e50706a3836734e504942644f6a4d72744d4d426966556a2b57617a6f57336d554e496b534b677a67635a334c2f51316656336d53364b7a4f78566c4b7171413863315359452f6c75424f4e7863676a616a506e6b38674148366d6c5656587a6d6b57527430774177784f44686a32397162492b3433594b464370584a624b2f784c2f6a32394b5168764d755645705751793767436638415a596a6a36553272414e7659464b336d77444c79414450507a6479525846365937654376694671576d6c6c2b7a58374765466c4847372b4e5239527a2b64646c4f4e6f75793442626541434d2f4e2b56636c3852394f45396e50716c6f6f5738734a306c6a774d45674269523037674555577542366262616e4b4c55684632464475566d77636734352f384151667a50347a71586c556e6171787834654d4d636b6364414d6a73503046637a345231794456394674373147334b56554d415239776a67452b787950626a3072714956595246704a454a674a77513555465433794f5431396539414652496c7551717169685a63797067667864534d4476312b7552566151655a636231326b54714541786b4538597966586b666e576c484775576769414c785035734c484147427a2b42364876393271386b45747962685769594d56456f77754655354f6366546b59487150536b42444644456a43647557436d4b594d65765959353667594f66396d744453324e756d31547565413748436a47564f65526e38667a465a306b2b664b56396d795a666d4259416878337a2b7550512b3153576b7a537444495556315a664a6d334847434d34794d2f35785641656866442f41464a644c38523255473473726c726469654268766d5448747548345a4e656f36746269446136675a35492f5072587a2f5a334a686e7435576b327977796247636341444f516677494f4f6e4666524a6c5856644c7437704143736b6179634875527a5832325256723070556e302f492b647a536d2b654d31314a72535158646f7948475758417a324e664e33375761377644735576516c786e4237676976663743344d45345174677238316547667468326277654434726c567a4538716a4f50756e504e6654374b562b7a504553764b4e7536505576676b7a5858684c5479446b6555702f5156374a4445596b47652b4f6e4665512f414b452f3849567068417756685872394b396b69624b675a423767312b663150695a396574676a6b796339632b33394b4763507a6e322b6c4e43344f4d594a363830703442352b59447433724d5a6b367151697357354876363179393964415253426944364d4f4b33395847446b6b35485145394b3561357736655746394d37752f50577459695a587572654f4f794a4b414e74362b7552584a2f437a566b33617a6148355442664d34552b6a67482b594e645471386f53304b376a7449344f4f6c655a65453548732f477573527238706d686a6d555a3668574b6e2f414e444665746c72745853373648446a56656a667365347a5465614e33414a584171724e6e473747647554525a5861584d4b5a786b714278317a547033486b3963, 'New     Testing', 'on leave', 'fixed', 'driver', 'active', '2017-03-07 05:52:31', 1, '2017-03-24 06:24:16', NULL);
INSERT INTO `ld_employees` (`id`, `emp_pic`, `emp_name`, `state`, `contract`, `category`, `status`, `created_at`, `added_by`, `updated_at`, `deleted_at`) VALUES
(4, '', 'test emp', 'vacations', 'fixed', 'driver', 'active', '2017-03-16 07:30:54', 1, '2017-03-16 07:30:54', '2017-03-16 07:32:12'),
(5, 0x646174613a696d6167652f6a7065673b6261736536342c2f396a2f34414151536b5a4a5267414241514141415141424141442f3277434541416b4742785153456851554568515546525155464255554642555146425556465251554652515746785555464251594843676747426f6c48425155495445684a536b724c6934754678387a4f444d734e7967744c69734243676f4b4467304f476841514769776c494351734c4377734c4377734c4377734c4377734c4377734c4377734c4377734c4377734c4377734c4377734c4377734c4377734c4377734c4377734c4377734c4377734c502f4141424549414f454134514d4249674143455145444551482f78414163414141424251454241514141414141414141414141414141415149444241554742776a2f7841424145414143415149454177594343414d4842414d414141414141514944455151534954454651564547496d4678675a455477525179516c4b687364487742324c6846534e7967704c4338544e7a6f7249574a46502f7841415a415141444151454241414141414141414141414141414141415149444241582f7841416e45514143416745444177514341774141414141414141414141514952417849684d524e4255515155496d457963534d7a67662f61414177444151414345514d5241443841397841414141414141414141414141414141414141414141414145464141454548466434326e6472346b4c72645a6c6465675746457747532b30324675342f476a64504b393948353274794c2b46786c4f6f723035786b7635576d4a4e4d6269317969594c44684269473245735047324142746872512b774d4149326872524a59526f59455451316f6c6147744142466c416b79674d4336414153414141414141414141414141414141414141427a6e61336a48776f3559767666613845526b6d6f52737648427a6c534e75706a7163643578586d305a584665314e436a546c4c4d70746252584f584a58504f654963546b394c76712f4d77712b496c4c667139396c2b2f6d6333576d7a735870594c6c6e57592f774469565663586c68434f2b313232374f793332356e43316549564a5463357a64354f386e7464377652664a444a767037382f364657564e3674686475326171436a77697a69654b7966326e356242777a7446586f537a516e4c7856335a2b61356d644e416e62597177306e766e596a7446394d6f5a6e39614c797a3032664a3662706e54486748596e744850435655393453306e487175766d6578384637555962456151714a532b37507579752b5376767a324e5954374d3438754a70326c7362676c68514e546e47744344324e73414462434472414144476872512b776a51414d73413455414a506949666371536c64455748784469374d7a316c3653374f6f6c754f693737475a784776654e6b552b47596d555a61367846314e36486f3273364142716e70636171794e4c5246456741417841414141454f4c78437078636e797470317537664d386f34786a5a564a79626264355361393945756950544f5059647a6f79696e5a74506662626e3658504c617548616b3039307a6b7a4f35306476706b6b6d7a507155334a334958676645326c51735131454a524f697a496e674f68577134426d303052545162466f356645345678354657555471716c424d7a635a77396368626a324d656c4f7a4c6d42787169373633354e4f7a4b6549704e6246573748566b384d2b674f7848614656364e504f3753643470742f58635731364e32322f6136772b652b7850466e5278464a7475305a5874793157562f677a332b6a5855746e7975625970646d6350714d656c327535497842574273637730425141426f6a513451414732415777414131303741364b5a4d79504f5a3069725a517847436649677739426f3170534945374d6878566c71544a634e445455644b676d4f68496463305356476262735345624b77346971566245695a53613441554141596a483754596c77704f7933613830724f37586a74376e435170336c64387a737532636f71696d2f725a6b6f3637383370366669636a684e6d7a6b6c2f597a74772f67523130554b706f566d755a537157484a6e5241724d696d545361496d794c4e4568673272433648356b4e64564d61594d352f485564575a64574a7538566a7a4d616f4b397761324859423939654450632f34653468314b45707964354f662f696f713334742f676547516c627a2f41486f657a6677316f745559377130627933316c4e3374364c4c372b593476356f777a722b4e6e6341414859656149416f676745454843414d515155414172303639794f744d6a656a7353516b6a477a53693352576949735245664366515a556d5532714a58496c4757794c444b565376617a4c436564654152594e454e534e32764d7377754c4746683555596962414141736b354474536e556168546935564e644e465a617579692b647677543335633671306163577053555a4b36616b306d6d75566e7a4f7437563452744b70473134365832617a4e617039644c484766525971645674586c5a547539586564303372347076314f4733475450517837774d374659714d74632f74715a38385530394a583830797a6971456d392f7742536e4b67312f77416d624f6c66525a6f346a4d513437455a6561755150435a357058745a4e796133364c356b62777553556f37335363572b61317546624657514f7672336e4a2b6c767a4a493475504b452f7744782f556255776a65392f59536c67306e752f6b4e4433597a4534784e5a47704b54736c6d53572b32747a486437376237485256614364536e7065305a762f774255767a4b64624136762b56366c57536c5a567747487a54696e66567057572b3539456346776170556f51556375574d5932584b793833726535354e2f4458425271346e4d3072553753562f7658306238747a3268476d42584a76776366724a565552514144724f454141424149416f674149416f41426a5971766436445649795658593736532b7079616a71306d315171356432544b736d5955735137626978785453445554704e584b70796651303655624a4a484b4c484f427363463469707070765575456c5a4d34756a58416a6e5653466a555856472b70575a55783446664659705157724677754a55316442715630476c315a6c647034503462664a53685a654c6254382b52772f453476506d6931664c5a70374f4c643135485a64734a4a5156333961326c7555587533344f61397a69385a50622f41416e4a6b326d7a304d4362786f7a616b35666339704a2f6d6b51314a792b35627a6b6c2b534c453668566b73323569352b447155555077314f3133644e7936614a5732532f664d69786c4f396d6e61533264722b6161364470596a4c7059593631396b5672565543672b5371705436526638416d612b516d57702f4c483063766d507277747174794f4e61354f70726b7452544a734a52744c4d32354e713133625264456c6f6948467764716b746b3479393148636e6a55736d33745a6669305134717647564e7757733553535674736d6a2f4146587158614a344e7a2b46464b627845724b3856464f546274617a30383957657778527a2f5972732f484355457448556e615653587070466543756443644f43464b2f4a3566714d6d75653359414144633577414141414546415143414b41416345706838517a5669475279784c4f43306568705a7275754d6e696a4b6a566248334671517442616c69626a71645a72564e702b425362734c476f54714c306d6c4c465365755a2b354e53786375724d78565279714454736e536146544574377534326e6a35772b7179693667783143683058612f456e55575772336f585631723771327a4965307542564f5548433253554c7874666b326e75337274376c52794e44346271345354742f305a36502b5766316c364f7a395256646a54307465446c36734372444561744b4c302f6578703149464c45345a4e356c6f2b71496a4536577874534d6e3968382b6e4c635a4345376151307466573279356a766a7a54306c376f624f764e717a6e62527275726b2f2b4336446677566363357764744c3757362b515270363332304a6f5574637a316656376a70496d55536f736f385264716238576c2b4e2f6b574f783344766934696e4638354b2f6b74582b42446a4b457075454972575476386c387a732b796d412b6935716a7664516864725737716376423564583545755332695450614c5a36485378555648316b6c3435573138694f6a78536e4a4e7036523362325871636a5834303430355870724e542b49375338566d6179763841783332656b57636e6a2b4f79716657636d755363335a655549355972324f685a6e3250503975657751787348744a653436574a6974327663385158456d74704e657376366a363347716a6a624f37654c4c363076416533586b3974686949765a6f65356f38476f385971776434314a4c2f4d79355637573468713378483644367a384576302f3265324b6f756f374d6a772b4862484578656c5433535a4e563765596c72363066622b6f2b74394339757a326a3469366765462f38417a4c452f2f702b416f757639443976396d7a6e47755a436d4932636832555771557837716c4a535a59703669597148797141705745644d4645456d424971673556434849466d564655424d366f6e78434777323551693154764a32572f77436d7262664a4a6133485137534f6e4b4e4f48656f337931453950694b5379797439324f7261357436766f71654e714f4e4232336e4e51623652537a573958622f515955616e65586d767a4b57784e61755470636453554a57547a4a704f4d7573587464636e31585646536f726b4e577464454b785668505a6d36512b644962384d5070534971754d53466353365935717857784f49535466524e2b78445678546b5a2f45366c6f4e64645033374279484133684846334374476453386f7153636c70644b2f3255394e4f68367078647234564a595a7170476264536c4a375755497770745a567665657a36506d654b4e6e63646765303871536443566e4476546a763852643256345564624b55704e4e654e3255386165357a7a624f34346a685979723059796c6657726d556257636f3072537a5336714d7476505938357839577a79786a6c6a47556f3331764b555872643758536132362b4a36626763516f346459694b64573861696f776b30716d65636d6e4856326b2b3437744e7579666b655838547079556c475638795865756e487679626c4f79666a4b332b5555593079597579724b6f52536d4c4b444933466c6c4448554779724461695a586b5651695a31434f7055474e4d686d776f6b6b2b494258754136465a366e68384d6d695357445173344f4f776c4f7263356c4676673163672b6945734d4b4a4a74457448464a6267314a43744d66484333452b6945745048336c6c696e4a394970742b794c74575368484e5663615336316e6b76355266656c364a697558676d305a6a776a472f513252343774586836616677314b744c6c644f465031317a79387252387a6e4b2f617a4653656c57554639326a616d6c346432312f4e335a61557534306d2b456462446846522f5a61585758646a2f716c6f5a324f7846436b3753717155756c434f65336e4a754d665a73355776786972503639536376386335532f4e6c4f56573565773944376e56646f386654644b6a476a4a756e33334a7652757261446c6465436c466638414a7a73385156705632343562364a75535852744a4e2b716a483252433567324f4d61527234624658333546685475596d4871325a6f517145733269584842454d364b4878716a4b6c516e53724b6249716973593345716c3749307352554d6975377331696a4a7371324e44732f55634d52536b705a62546a723075306d3337736f53434532746930694765723866772f636f3055336c70786b33316453704a796c6462615856765579315571705766393542665a71724f6c307333724830614e504263516869466c70545653706f7374336d6a5a576b334757764b31395662304e5444634d555576697530564c5055647258535355616365636e64765935334b536445374a484856634447562b34344e6232616b756e505665374b384f463362586733374b35302b4e764b55736b5738387054615331336557365779316635684841754337376a484d753964704e4b3665574b336264743745395352564847314f47766f515334552b68324f4956504d33766474705230533136765778567136765a4c7757794471794b3032636e5068374b382b484d36717054524134494f7578394d356e2b7a47423075674231324854523055717961314d716e58536d4a78484550374a7a3953764b4c75783432304a7874485a556174325670517a56716348664c4b63497974765a79536476533567634f7831535534777078633579646f78697274767752336643634e3947764f626a4b75316254574e4a506452663270505a7932533056397a654d5a354a374755326f4934624739704b315257556e436d3971564c755153354b792b743575374d75646476643335616c6574335a4e644731374f78466e423261714b5842596c4d5a6e4966694463784e46452b63484d677a686d4851695679474f5a486e4735676f566b796e593159474935477468616c3452387636413056466c754d687457597a4d52315a696f7367727a4b46526c7172497a357a313953346f796b444554747230444d4e6d79694749706170374e617072644e624f353048442b32654a703255357572487055627a57384a372b397a6e474d6247306e79516570384e343348455162684e332b33435465614c38657138562f51576f7a7a44435971564b536e427453585438552b713844724d4a7835564666615358656a303856315279354d4c57385457452b7a4f6749356d4e4c6935444c69786a303547316f325a45453954496c7859686c78554f6c494e534e6e4c346759663841613467644b5961346e555376304b6e396e547254554952626c4c5a666d322b5358566d39526f4b556b74466470586b374a58357439446270714e4a4f4e4e6545354e576c5058622b574e313958334e3845484e2f526a6c6e702f5a55345077696e68494e51744b724a57715665713577702f64682b4d7261386b6e31616d342b7656304b55356e71593153324f4f573733504f2b5030386d4971722b64792f316437356d646d4e76746e5474556a50373062507a692f306b765935334d636334314a6e5a463745726b4a6e49584952794a6f646b2b594d35587a67706a6f566b3259626d496e4d544f4643736d7a476a772b70336663794d786534645530666e2b674e4467397a577a454661516a716c657455465271794772554b546d50784651725a69306a435574796454457a45467863775552714a584959786d594d7777736463574656786430374e444c6a5a41537a5a6f34754d2b575758532b6a2f7774362b6a43636a4b7755484f70434b336c4a4c793133394e7a637876445a3033615333765a72574d6b7563582b32756152456f31755843546578547a6b5536704c4c447368715964695451327065426e7842534c344c454b32492b5867395775644e775363635242786e3965466c64614e78354f2f5061332f4a782f306774634e34684b6c556a4e613265712b386e7576337a7365666979614a576457534770477478476e6b714f4761396b6e34326531796a4f526b6359346f3369616c52666661732b635939314a2b695263772b4d6a5556342b7165366669653369794b5370386e46504734376d423230583933462f7741363136614d347a4d656863657733784b556f383758586d745565634e6d4f566649306739695279457a45546b4a6d4d364b736c7a435a694c4d4a6d41566b75594d78486d457a44465a4a6d4e54684f486c4b4c6356657a32572b7932584d78737830585a716f34786256725a6e645079525549366e514b56626a4a75326a306136376c65744f7830316245776d725469727237316e374e6e48635578635a5374424a52584e5837336a354654783664374b363139697655715859323548634c6b47646b6d59544d523567754172483346755233467541724a4578626b575973384f777a717a555674764a39462b6f5659374e7a737067645856664b36683835664c334f74715645315a704e63302f6c3066695a2b46676f704a4b795373683965766c523166474d506e77545463716a7956735654696e5a4f3665766976422f7639436856796b73395863713159335a34727255363450535364626a6373514434506941663646485575512f44566538744730753837623269737a2f424d717433646771764c436257746f74663672522f33474d5662534b66426c564b7a62752f587a48554d5134764e463266352b44366c443467355644306c354d666f364f474f6a55692b5474717630366f382f7743495179315a72786476585532616c626f5966454b7263377663316339584a684b476e67686368755959324a63526e5a4a6d457a444c695841566b6d594c6b64777a41466a376d37774774614c5869326a6e376d6a674b32574e2b6a5a72696453736c73753863782b6967743376344c70366d45324c58724f556e4a38794b354d35616e59496b75445a4863544d53466b6d594d7846634d7743736c7a4335694b344f51683250636a71754134624a547539484c56396642667671597642734970504e4c564a364c3573324d5478484c7048562f6776315a746a71507959553261654b34677161385873766d2f416a65497a616e4f7a714e753764323932797a5471744a484e366d6279666f3673455645312f6970466645547471553357754c4f746651354e4a30574c394a5945494655674f726a4e456645716e39784e2f774130492b3763763968556e4b776e45712f2f414e613333717931653363684c6258662b38584c6d6a484648356f63396b5a4b6d4f2b49566c49527a4f3877736b71314449786339533757714756576e714f4b4d73737468584962635a6d45624c4d4c4835677a4564777541456c777552334334434a4c6b6e784f356271797663544d5549653542636a75467841507554716972586b37615261576e3276446e5a666d564c68636170434e614d61616a4f306f4f567252766c30744c65386c7264574c6c5630354f3849776b3235364e52613775534b646e7974723673357934584e4f70326f56477456773046793064336f2b5475313762654e6a4e6b3952697150714c54334d3555786d7a68367a5546466161613957493546656e4d633545506332547044334d7430616e64532f65356d796b5455716d694d386974476d4f57356f5a694b5569724f7259682b4b7a4e524e586b52652b4942522b4f7851306b39524857346a637263562f77436a532f376c582f316f674268682f4a48526c344d7549534144744f5972566a4d716273414b526a6b47694141325a434141414141414451434177414145514d4141514451415967415141415566524641544775533541637741526f4d6b4f69414553344b6946554673414564696c794e414141522f2f396b3d, 'Alex', 'assign', 'fixed', 'services', 'active', '2017-03-22 13:32:47', 1, '2017-03-22 13:34:25', NULL);

-- --------------------------------------------------------

--
-- Table structure for table `ld_language`
--

DROP TABLE IF EXISTS `ld_language`;
CREATE TABLE IF NOT EXISTS `ld_language` (
  `id` int(5) NOT NULL AUTO_INCREMENT,
  `language_name` varchar(250) NOT NULL,
  `language_code` varchar(250) NOT NULL,
  `language_flag` varchar(250) NOT NULL,
  `isDefault` enum('0','1') NOT NULL DEFAULT '0',
  `status` enum('0','1') NOT NULL DEFAULT '0',
  `addedBy` tinyint(2) NOT NULL DEFAULT '0',
  `modBy` tinyint(2) NOT NULL DEFAULT '0',
  `created_at` int(11) NOT NULL,
  `updated_at` int(11) NOT NULL,
  `deleted_at` int(11) DEFAULT NULL,
  PRIMARY KEY (`id`),
  KEY `id` (`id`)
) ENGINE=InnoDB  DEFAULT CHARSET=utf8 AUTO_INCREMENT=10 ;

--
-- Dumping data for table `ld_language`
--

INSERT INTO `ld_language` (`id`, `language_name`, `language_code`, `language_flag`, `isDefault`, `status`, `addedBy`, `modBy`, `created_at`, `updated_at`, `deleted_at`) VALUES
(1, 'English', 'en', 'england2.png', '1', '1', 1, 1, 1417611098, 1417611098, NULL),
(2, 'Swedish', 'se', 'Swidden1.png', '0', '1', 1, 0, 1417611098, 1418878890, 1433228090),
(6, 'French', 'fr', 'th.jpg', '0', '1', 1, 0, 1418719483, 1422964298, 1433228090),
(8, 'test', 'te', '', '0', '1', 0, 0, 1421755441, 1421755459, 1421814108),
(9, 'Norwegian', 'no', 'norway220pxl.jpg', '0', '1', 0, 0, 1433228333, 1443089385, NULL);

-- --------------------------------------------------------

--
-- Table structure for table `ld_menu`
--

DROP TABLE IF EXISTS `ld_menu`;
CREATE TABLE IF NOT EXISTS `ld_menu` (
  `menuId` int(5) NOT NULL AUTO_INCREMENT,
  `menuName` varchar(100) NOT NULL DEFAULT '',
  `menuUrl` varchar(100) NOT NULL DEFAULT '',
  `menuImage` varchar(255) NOT NULL,
  `menuClass` varchar(255) NOT NULL,
  `status` int(1) NOT NULL DEFAULT '0',
  `parentId` int(5) NOT NULL DEFAULT '0',
  `menu_type` enum('0','1') NOT NULL DEFAULT '0',
  `sort_order` int(11) NOT NULL,
  PRIMARY KEY (`menuId`)
) ENGINE=InnoDB  DEFAULT CHARSET=utf8 AUTO_INCREMENT=69 ;

--
-- Dumping data for table `ld_menu`
--

INSERT INTO `ld_menu` (`menuId`, `menuName`, `menuUrl`, `menuImage`, `menuClass`, `status`, `parentId`, `menu_type`, `sort_order`) VALUES
(1, 'Dashboard', 'adminarea.php', 'left-icon7.png', 'glyphicons dashboard', 1, 0, '1', 0),
(2, 'Configuration Manager', '#', 'icon_configuration_manager.png', 'glyphicons settings', 1, 0, '1', 0),
(4, 'Administrator', 'manageadministrator.php', '', '', 0, 2, '0', 0),
(5, 'System Configuration', 'systemconfiguration.php', '', '', 1, 2, '0', 0),
(44, 'Layout', '#', '', '', 0, 0, '1', 0),
(45, 'Manage Layout', 'layout/manage', '', '', 1, 44, '0', 0),
(46, 'Manage Pages', 'managepages/manage', '', '', 1, 44, '0', 0),
(47, 'Variants', '#', '', '', 1, 0, '1', 0),
(48, 'Manage banner area', 'variants/manage', '', '', 1, 47, '0', 0),
(49, 'Manage form area', 'variants/form_area', '', '', 1, 47, '0', 0),
(50, 'Manage step area', 'variants/step_area', '', '', 1, 47, '0', 0),
(51, 'Manage about area', 'variants/about_area', '', '', 1, 47, '0', 0),
(52, 'Manage compare area', 'variants/compare_area', '', '', 1, 47, '0', 0),
(53, 'Manage testimonial area', 'variants/testimonial_area', '', '', 1, 47, '0', 0),
(54, 'Manage form2 area', 'variants/form2_area', '', '', 1, 47, '0', 0),
(55, 'Landing Page', '#', '', '', 1, 0, '1', 0),
(56, 'Manage Landing Page', 'layout/manage', '', '', 1, 55, '0', 0),
(57, 'Brand', '#', '', '', 1, 0, '1', 0),
(58, 'Manage Department', 'department/manage', '', '', 1, 57, '0', 0),
(59, 'Test', '#', '', '', 1, 0, '1', 0),
(60, 'Manage Test', 'test/manage', '', '', 1, 59, '0', 0),
(61, 'Test Urls', 'test/test_url', '', '', 1, 59, '0', 0),
(62, 'Result & Optimation', '#', '', '', 1, 0, '1', 0),
(63, 'Test Optimization', 'optimization/manage', '', '', 1, 62, '0', 0),
(64, 'Network', '#', '', '', 1, 0, '1', 0),
(65, 'Manage Networks', 'network/manage', '', '', 1, 64, '0', 0),
(66, 'Manage Archive Data', 'network/archive', '', '', 1, 64, '0', 0),
(67, 'Manage Networks Data', 'network/data', '', '', 1, 64, '0', 0),
(68, 'Manage Header Footer', 'systemconfiguration/add', '', '', 1, 2, '0', 0);

-- --------------------------------------------------------

--
-- Table structure for table `ld_menuposition`
--

DROP TABLE IF EXISTS `ld_menuposition`;
CREATE TABLE IF NOT EXISTS `ld_menuposition` (
  `id` int(11) NOT NULL AUTO_INCREMENT,
  `position` varchar(255) CHARACTER SET latin1 NOT NULL,
  PRIMARY KEY (`id`)
) ENGINE=InnoDB  DEFAULT CHARSET=utf8 AUTO_INCREMENT=4 ;

--
-- Dumping data for table `ld_menuposition`
--

INSERT INTO `ld_menuposition` (`id`, `position`) VALUES
(1, 'Header Top'),
(2, 'Footer'),
(3, 'Footer Bottom');

-- --------------------------------------------------------

--
-- Table structure for table `ld_permissions`
--

DROP TABLE IF EXISTS `ld_permissions`;
CREATE TABLE IF NOT EXISTS `ld_permissions` (
  `id` int(10) unsigned NOT NULL AUTO_INCREMENT,
  `name` varchar(255) NOT NULL,
  `route_url` varchar(255) NOT NULL,
  `display_name` varchar(255) NOT NULL,
  `description` varchar(255) NOT NULL,
  `parent_id` int(10) unsigned NOT NULL,
  `class` varchar(250) NOT NULL,
  `icon` varchar(100) NOT NULL,
  `sort` tinyint(4) NOT NULL,
  `created_date` timestamp NOT NULL DEFAULT CURRENT_TIMESTAMP,
  PRIMARY KEY (`id`)
) ENGINE=InnoDB  DEFAULT CHARSET=utf8 AUTO_INCREMENT=19 ;

--
-- Dumping data for table `ld_permissions`
--

INSERT INTO `ld_permissions` (`id`, `name`, `route_url`, `display_name`, `description`, `parent_id`, `class`, `icon`, `sort`, `created_date`) VALUES
(1, 'dashboard', 'admin/adminarea', 'Dashboard', '', 0, '', 'icon-home', 1, '2017-01-12 10:06:47'),
(2, 'book_service', 'admin/service/manage', 'Book Service', '', 0, '', 'icon-speedometer ', 2, '2017-01-12 10:06:47'),
(3, 'manage_projects', 'admin/project/manage', 'Manage Contracts', '', 0, '', 'icon-grid', 3, '2017-01-12 10:15:27'),
(4, 'manage_employees', 'admin/employee/manage', 'Manage Employees', '', 0, '', 'icon-users', 4, '2017-01-12 10:17:07'),
(5, 'manage_vehicles', 'admin/vehicle/manage', 'Manage Vehicles', '', 0, '', 'icon-directions ', 5, '2017-01-12 10:18:02'),
(6, 'manage_departments', 'admin/department/manage', 'Manage Departments', '', 0, '', 'icon-notebook', 6, '2017-01-12 10:19:10'),
(7, 'manage_timesheet', 'admin/timesheet/manage', 'Manage Timesheet', '', 0, '', 'icon-calendar', 7, '2017-01-12 10:19:44'),
(8, 'reports', '#', 'Reports', '', 0, '', 'icon-docs', 8, '2017-01-17 07:28:18'),
(9, 'settings', '#', 'Settings', '', 0, '', 'icon-settings', 9, '2017-01-18 05:55:09'),
(10, 'project_daily_report', 'admin/reports/daily', 'Daily Reports', '', 8, '', 'icon-bar-chart', 1, '2017-01-18 05:56:59'),
(11, 'weekly_report', 'admin/reports/weekly', 'Weekly Report', '', 8, '', 'icon-bar-chart', 2, '2017-01-18 05:56:59'),
(12, 'monthly_report', 'admin/reports/monthly', 'Monthly Report', '', 8, '', 'icon-bar-chart', 3, '2017-01-18 05:57:47'),
(13, 'hr_report', 'admin/reports/human_resource', 'Human Resource Report', '', 8, '', 'icon-bar-chart', 4, '2017-01-25 12:52:49'),
(14, 'department_cost_report', 'admin/reports/department_cost', 'Department Cost Report', '', 8, '', 'icon-bar-chart', 5, '2017-01-27 07:13:55'),
(15, 'project_cost_report', 'admin/reports/project_cost', 'Contract Cost Report', '', 8, '', 'icon-bar-chart', 6, '2017-01-30 09:57:58'),
(16, 'manage_administrators', 'admin/settings/manage_users', 'Manage Administrators', '', 9, '', 'icon-user', 1, '2017-01-30 09:58:49'),
(17, 'manage_roles', 'admin/settings/manage_role', 'Manage Roles', '', 9, '', 'icon-key', 2, '2017-01-30 09:58:49'),
(18, 'system_config', 'admin/settings/site_config', 'System Configuration', '', 9, '', 'icon-wrench', 3, '2017-01-30 10:02:04');

-- --------------------------------------------------------

--
-- Table structure for table `ld_permission_role`
--

DROP TABLE IF EXISTS `ld_permission_role`;
CREATE TABLE IF NOT EXISTS `ld_permission_role` (
  `permission_id` int(10) unsigned NOT NULL,
  `role_id` int(10) unsigned NOT NULL,
  KEY `permission_id` (`permission_id`),
  KEY `role_id` (`role_id`)
) ENGINE=InnoDB DEFAULT CHARSET=utf8;

--
-- Dumping data for table `ld_permission_role`
--

INSERT INTO `ld_permission_role` (`permission_id`, `role_id`) VALUES
(6, 15),
(7, 15),
(3, 15),
(1, 1),
(2, 1),
(3, 1),
(4, 1),
(5, 1),
(6, 1),
(7, 1),
(10, 1),
(11, 1),
(12, 1),
(13, 1),
(14, 1),
(15, 1),
(8, 1),
(16, 1),
(17, 1),
(18, 1),
(9, 1),
(1, 22),
(2, 22),
(3, 22),
(4, 22),
(5, 22),
(6, 22),
(7, 22),
(10, 22),
(11, 22),
(12, 22),
(13, 22),
(14, 22),
(15, 22),
(8, 22),
(16, 22),
(17, 22),
(18, 22),
(9, 22),
(1, 19),
(8, 19),
(10, 19),
(11, 19),
(12, 19),
(13, 19),
(14, 19),
(15, 19);

-- --------------------------------------------------------

--
-- Table structure for table `ld_projects`
--

DROP TABLE IF EXISTS `ld_projects`;
CREATE TABLE IF NOT EXISTS `ld_projects` (
  `id` int(10) unsigned NOT NULL AUTO_INCREMENT,
  `code` varchar(100) NOT NULL,
  `customer_name` varchar(255) NOT NULL,
  `description` text NOT NULL,
  `status` enum('inactive','active') NOT NULL,
  `created_at` datetime NOT NULL,
  `added_by` int(10) unsigned NOT NULL,
  `updated_at` datetime NOT NULL,
  `deleted_at` timestamp NULL DEFAULT NULL,
  PRIMARY KEY (`id`)
) ENGINE=InnoDB  DEFAULT CHARSET=utf8 AUTO_INCREMENT=5 ;

--
-- Dumping data for table `ld_projects`
--

INSERT INTO `ld_projects` (`id`, `code`, `customer_name`, `description`, `status`, `created_at`, `added_by`, `updated_at`, `deleted_at`) VALUES
(1, 'Project-A', 'Customer 1', 'sdf sdfs dfsd fsd fsd', 'active', '2017-03-01 07:11:25', 1, '2017-03-20 06:24:30', NULL),
(2, 'Project-C', 'sd fsdf', 'sdf sd fsd', 'active', '2017-03-01 07:12:30', 1, '2017-03-01 07:12:57', NULL),
(3, 'Project-G', 'Customer 1', 'test project', 'active', '2017-03-06 08:50:35', 1, '2017-03-06 13:18:40', '2017-03-16 07:30:06'),
(4, 'ProjectG', 'Customer          1', 'drdsfgdsgsdfdsfds', 'active', '2017-03-06 13:12:33', 1, '2017-03-06 13:17:32', NULL);

-- --------------------------------------------------------

--
-- Table structure for table `ld_roles`
--

DROP TABLE IF EXISTS `ld_roles`;
CREATE TABLE IF NOT EXISTS `ld_roles` (
  `id` int(10) unsigned NOT NULL AUTO_INCREMENT,
  `title` varchar(255) COLLATE utf8_unicode_ci NOT NULL,
  `description` text COLLATE utf8_unicode_ci NOT NULL,
  `status` enum('inactive','active') COLLATE utf8_unicode_ci NOT NULL,
  `created_at` timestamp NULL DEFAULT CURRENT_TIMESTAMP,
  `added_by` int(10) unsigned NOT NULL,
  `updated_at` timestamp NULL DEFAULT NULL,
  `deleted_at` timestamp NULL DEFAULT NULL,
  PRIMARY KEY (`id`),
  KEY `roles_deleted_at_index` (`deleted_at`)
) ENGINE=InnoDB  DEFAULT CHARSET=utf8 COLLATE=utf8_unicode_ci AUTO_INCREMENT=23 ;

--
-- Dumping data for table `ld_roles`
--

INSERT INTO `ld_roles` (`id`, `title`, `description`, `status`, `created_at`, `added_by`, `updated_at`, `deleted_at`) VALUES
(1, 'Super Admin', 'This user has full access permissions and modifications are not allowed for this role.', 'inactive', '2016-12-16 01:06:38', 0, '2017-01-16 06:47:49', NULL),
(15, 'New Role', '', 'active', '2017-01-16 11:28:46', 0, '2017-01-16 06:47:43', '2017-01-16 06:47:43'),
(19, 'Staff', '', 'inactive', '2017-02-02 05:04:19', 0, NULL, NULL),
(22, 'HR', '', 'active', '2017-02-02 07:18:25', 24, NULL, NULL);

-- --------------------------------------------------------

--
-- Table structure for table `ld_services`
--

DROP TABLE IF EXISTS `ld_services`;
CREATE TABLE IF NOT EXISTS `ld_services` (
  `id` int(10) unsigned NOT NULL AUTO_INCREMENT,
  `start_date` date NOT NULL,
  `end_date` date NOT NULL,
  `start_time` time NOT NULL,
  `end_time` time NOT NULL,
  `service_title` varchar(100) NOT NULL,
  `department_id` int(10) unsigned NOT NULL,
  `project_id` int(10) unsigned NOT NULL,
  `service_desc` text NOT NULL,
  `created_at` datetime NOT NULL,
  `added_by` int(10) unsigned NOT NULL,
  `updated_at` datetime NOT NULL,
  `deleted_at` timestamp NULL DEFAULT NULL,
  PRIMARY KEY (`id`)
) ENGINE=InnoDB  DEFAULT CHARSET=utf8 AUTO_INCREMENT=5 ;

--
-- Dumping data for table `ld_services`
--

INSERT INTO `ld_services` (`id`, `start_date`, `end_date`, `start_time`, `end_time`, `service_title`, `department_id`, `project_id`, `service_desc`, `created_at`, `added_by`, `updated_at`, `deleted_at`) VALUES
(1, '2017-03-07', '2017-03-09', '09:00:00', '18:00:00', 'Service A', 1, 1, '', '2017-03-20 07:47:19', 1, '2017-03-20 07:47:19', NULL),
(2, '2017-03-01', '2017-03-02', '09:00:00', '18:00:00', '', 1, 1, '', '2017-03-20 07:49:04', 1, '2017-03-20 07:49:04', NULL),
(3, '2017-03-01', '2017-03-02', '09:00:00', '18:00:00', '', 1, 1, '', '2017-03-20 07:51:02', 1, '2017-03-20 07:51:02', NULL),
(4, '2017-02-22', '2017-02-23', '09:00:00', '18:00:00', 'Service B', 1, 1, '', '2017-03-20 07:54:33', 1, '2017-03-20 07:54:33', NULL);

-- --------------------------------------------------------

--
-- Table structure for table `ld_services_detail`
--

DROP TABLE IF EXISTS `ld_services_detail`;
CREATE TABLE IF NOT EXISTS `ld_services_detail` (
  `id` int(10) unsigned NOT NULL AUTO_INCREMENT,
  `service_id` int(10) unsigned NOT NULL,
  `service_date` date NOT NULL,
  `start_time` time NOT NULL,
  `end_time` time NOT NULL,
  `employee_id` varchar(250) NOT NULL,
  `vehicle_id` varchar(250) NOT NULL,
  `added_by` int(10) unsigned NOT NULL,
  `deleted_at` timestamp NULL DEFAULT NULL,
  `ut` timestamp NOT NULL DEFAULT CURRENT_TIMESTAMP,
  PRIMARY KEY (`id`)
) ENGINE=InnoDB  DEFAULT CHARSET=utf8 AUTO_INCREMENT=10 ;

--
-- Dumping data for table `ld_services_detail`
--

INSERT INTO `ld_services_detail` (`id`, `service_id`, `service_date`, `start_time`, `end_time`, `employee_id`, `vehicle_id`, `added_by`, `deleted_at`, `ut`) VALUES
(1, 1, '2017-03-07', '09:00:00', '18:00:00', '1', '', 0, NULL, '2017-03-20 07:47:19'),
(2, 1, '2017-03-08', '09:00:00', '18:00:00', '1', '', 0, NULL, '2017-03-20 07:47:19'),
(3, 1, '2017-03-09', '09:00:00', '18:00:00', '1', '', 0, NULL, '2017-03-20 07:47:19'),
(4, 2, '2017-03-01', '09:00:00', '18:00:00', '2,5', '', 0, NULL, '2017-03-20 07:49:04'),
(5, 2, '2017-03-02', '09:00:00', '18:00:00', '2', '', 0, NULL, '2017-03-20 07:49:04'),
(6, 3, '2017-03-01', '09:00:00', '18:00:00', '1,3', '1,2', 0, NULL, '2017-03-20 07:51:02'),
(7, 3, '2017-03-02', '09:00:00', '18:00:00', '1,3', '1,2,3', 0, NULL, '2017-03-20 07:51:02'),
(8, 4, '2017-02-22', '09:00:00', '18:00:00', '1', '1', 0, NULL, '2017-03-20 07:54:33'),
(9, 4, '2017-02-23', '09:00:00', '18:00:00', '1', '1', 0, NULL, '2017-03-20 07:54:33');

-- --------------------------------------------------------

--
-- Table structure for table `ld_sessiondetail`
--

DROP TABLE IF EXISTS `ld_sessiondetail`;
CREATE TABLE IF NOT EXISTS `ld_sessiondetail` (
  `id` int(11) NOT NULL AUTO_INCREMENT,
  `sessionId` varchar(50) CHARACTER SET latin1 NOT NULL,
  `adminId` int(5) NOT NULL DEFAULT '0',
  `ipAddress` varchar(30) CHARACTER SET latin1 NOT NULL,
  `signInDateTime` datetime NOT NULL DEFAULT '0000-00-00 00:00:00',
  `signOutDateTime` datetime NOT NULL DEFAULT '0000-00-00 00:00:00',
  `signDate` date NOT NULL DEFAULT '0000-00-00',
  PRIMARY KEY (`id`)
) ENGINE=InnoDB  DEFAULT CHARSET=utf8 AUTO_INCREMENT=257 ;

--
-- Dumping data for table `ld_sessiondetail`
--

INSERT INTO `ld_sessiondetail` (`id`, `sessionId`, `adminId`, `ipAddress`, `signInDateTime`, `signOutDateTime`, `signDate`) VALUES
(1, '4ad5dc7b948542a3c9a8079a43e8b789', 1, '10.0.0.1', '2017-01-06 13:50:47', '0000-00-00 00:00:00', '2017-01-06'),
(2, '837ef639da6a3dabff0539e4fe97fdba', 1, '46.196.49.113', '2017-01-06 14:05:24', '0000-00-00 00:00:00', '2017-01-06'),
(3, 'fe23e3dbe406d0727b72ee2e3e854c2a', 1, '46.196.49.113', '2017-01-06 14:10:18', '0000-00-00 00:00:00', '2017-01-06'),
(4, '9ed84b90e45e61286303c2629789fcbd', 1, '46.196.49.113', '2017-01-06 21:04:35', '0000-00-00 00:00:00', '2017-01-06'),
(5, '5f5bad7cfd197bf2015c9136dbb8c1a7', 1, '103.77.186.183', '2017-01-07 05:05:52', '0000-00-00 00:00:00', '2017-01-07'),
(6, '96e037f441afa8ad38ef3c0802003024', 1, '103.77.186.183', '2017-01-07 18:21:47', '0000-00-00 00:00:00', '2017-01-07'),
(7, 'ff839ebea165f7d875bbb8e11a0850f5', 1, '103.77.186.183', '2017-01-08 03:24:52', '0000-00-00 00:00:00', '2017-01-08'),
(8, '632329424e77a479202608344f683501', 1, '103.77.186.183', '2017-01-08 10:59:06', '0000-00-00 00:00:00', '2017-01-08'),
(9, '44da998d50d26e62b2ed12cf46593d7c', 1, '46.196.49.113', '2017-01-08 14:10:07', '0000-00-00 00:00:00', '2017-01-08'),
(10, '44da998d50d26e62b2ed12cf46593d7c', 1, '46.196.49.113', '2017-01-08 14:13:57', '0000-00-00 00:00:00', '2017-01-08'),
(11, '3985e1e81a0819c527a17a0917bedda1', 1, '103.72.6.37', '2017-01-08 16:40:17', '0000-00-00 00:00:00', '2017-01-08'),
(12, 'ea926dbf0d742b9dcb30410db943f8f9', 1, '46.196.49.113', '2017-01-08 20:16:54', '0000-00-00 00:00:00', '2017-01-08'),
(13, 'dac682dc5cc7452c6cdc1f5032801bab', 1, '46.196.49.113', '2017-01-08 20:37:34', '0000-00-00 00:00:00', '2017-01-08'),
(14, '710c5ca5d648ff5ef4f590137455f6b4', 1, '46.196.49.113', '2017-01-09 02:04:23', '0000-00-00 00:00:00', '2017-01-09'),
(15, '73e0b4305c14f8009ee12847769d1829', 1, '103.72.6.37', '2017-01-09 02:23:34', '0000-00-00 00:00:00', '2017-01-09'),
(16, '2007fb8600fce19de742eb5c7ee61228', 1, '46.196.49.113', '2017-01-09 02:41:27', '0000-00-00 00:00:00', '2017-01-09'),
(17, 'd09dee3155f039e04e764aa6f6202550', 1, '10.0.0.1', '2017-01-09 05:01:40', '0000-00-00 00:00:00', '2017-01-09'),
(18, '32c896dd0f92e3138b0bbfc25ac2042a', 1, '10.0.0.176', '2017-01-09 05:39:03', '0000-00-00 00:00:00', '2017-01-09'),
(19, '30fa7ae605e660b75d25c4c4d20955f5', 1, '10.0.0.66', '2017-01-09 07:37:12', '0000-00-00 00:00:00', '2017-01-09'),
(20, 'c4aaa979846692cac90f89956258f47f', 1, '10.0.0.65', '2017-01-09 09:04:57', '0000-00-00 00:00:00', '2017-01-09'),
(21, 'e32e69b521ef40323ce5dd1b098364b2', 1, '10.0.0.66', '2017-01-10 04:19:17', '0000-00-00 00:00:00', '2017-01-10'),
(22, 'a15933a3ef2a5e8a91a00afe84c9fae6', 1, '10.0.0.66', '2017-01-11 10:34:34', '0000-00-00 00:00:00', '2017-01-11'),
(23, '73328a95179a20ece6e918d23df6284c', 1, '10.0.0.66', '2017-01-13 04:08:56', '0000-00-00 00:00:00', '2017-01-13'),
(24, '6abaf453c1f57d4341b47caded0dec04', 1, '10.0.0.65', '2017-01-13 04:38:40', '0000-00-00 00:00:00', '2017-01-13'),
(25, 'e63dea623ca4b8fee96262a5f4b1f30e', 1, '10.0.0.66', '2017-01-13 11:01:15', '0000-00-00 00:00:00', '2017-01-13'),
(26, '4fc7c4a570f9c39e5540f91a906aa6c2', 1, '10.0.0.66', '2017-01-16 04:17:22', '0000-00-00 00:00:00', '2017-01-16'),
(27, 'ecdaea675717d0c59025103e514110ad', 1, '10.0.0.65', '2017-01-16 04:52:28', '0000-00-00 00:00:00', '2017-01-16'),
(28, '8c220d645537be4b2722ca8dd6c1594a', 1, '10.0.0.66', '2017-01-16 05:31:50', '0000-00-00 00:00:00', '2017-01-16'),
(29, '8c735fa99bdfddd0a857722cf11ed554', 1, '10.0.0.65', '2017-01-16 11:44:28', '0000-00-00 00:00:00', '2017-01-16'),
(30, 'dd47c8ca6d0254ee96351c818b4e1ea9', 1, '10.0.0.66', '2017-01-16 12:14:58', '0000-00-00 00:00:00', '2017-01-16'),
(31, '5632504fb3be6f9de91ae3ce7f692aac', 1, '10.0.0.66', '2017-01-17 04:37:33', '0000-00-00 00:00:00', '2017-01-17'),
(32, '6b9be264ce74ba726786061048ed63fa', 1, '10.0.0.65', '2017-01-17 08:42:20', '0000-00-00 00:00:00', '2017-01-17'),
(33, '93605ea740540c9674c697c50e31885c', 1, '10.0.0.66', '2017-01-17 08:59:17', '0000-00-00 00:00:00', '2017-01-17'),
(34, '20f5e488c55186c9cde3682c8e398079', 1, '10.0.0.66', '2017-01-17 09:22:31', '0000-00-00 00:00:00', '2017-01-17'),
(35, 'a40dffa803777ad9680a9f6b0da2c86a', 1, '10.0.0.66', '2017-01-17 09:29:28', '0000-00-00 00:00:00', '2017-01-17'),
(36, 'c40c19a0c0b798dc2ec6881476ad38f1', 1, '10.0.0.67', '2017-01-17 10:00:01', '0000-00-00 00:00:00', '2017-01-17'),
(37, 'd1c02f1a6a2a6ead873dd18d76e16258', 1, '10.0.0.66', '2017-01-17 13:49:42', '0000-00-00 00:00:00', '2017-01-17'),
(38, 'b155acbb138e9a7a6a7f2d27217a056b', 1, '10.0.0.65', '2017-01-18 04:59:18', '0000-00-00 00:00:00', '2017-01-18'),
(39, '663b019a884705a0a86a1f8ca7ea24b1', 1, '10.0.0.66', '2017-01-18 05:20:34', '0000-00-00 00:00:00', '2017-01-18'),
(40, '7dd0a3d234d362b20df6a1f9460c5cbf', 1, '10.0.0.66', '2017-01-18 11:52:50', '0000-00-00 00:00:00', '2017-01-18'),
(41, 'e181b0c25dc43648d9ace08dd2844fa3', 1, '10.0.0.66', '2017-01-18 14:25:58', '0000-00-00 00:00:00', '2017-01-18'),
(42, '43f294649e7b9677339beb3e19c69ea4', 1, '10.0.0.65', '2017-01-18 14:26:13', '0000-00-00 00:00:00', '2017-01-18'),
(43, 'bf5d45f17c51fd437911121daafbad02', 1, '10.0.0.66', '2017-01-18 14:33:57', '0000-00-00 00:00:00', '2017-01-18'),
(44, 'a1272d541996495e09ee7f617c092241', 1, '10.0.0.65', '2017-01-19 04:28:36', '0000-00-00 00:00:00', '2017-01-19'),
(45, 'a9cefeccf73869b326be6a9cdfc826f8', 1, '10.0.0.66', '2017-01-19 04:57:56', '0000-00-00 00:00:00', '2017-01-19'),
(46, '769af18f240478451df4291d0207859b', 1, '10.0.0.66', '2017-01-19 09:55:23', '0000-00-00 00:00:00', '2017-01-19'),
(47, 'e9bd5d25f3a4affc4fb89c51a3160b89', 1, '10.0.0.65', '2017-01-19 12:31:24', '0000-00-00 00:00:00', '2017-01-19'),
(48, '67fc348785aaf3f0bc6b661ea44055c3', 1, '10.0.0.66', '2017-01-20 04:47:15', '0000-00-00 00:00:00', '2017-01-20'),
(49, '0ef7b46a78641daed61bb7fa1eb8a1e3', 1, '10.0.0.66', '2017-01-20 06:40:49', '0000-00-00 00:00:00', '2017-01-20'),
(50, '29004c220ef4a509d6e1e221ba805dad', 1, '10.0.0.66', '2017-01-20 09:52:46', '0000-00-00 00:00:00', '2017-01-20'),
(51, '616413256dd6e97ab25b8238822f59fb', 1, '10.0.0.66', '2017-01-20 10:01:14', '0000-00-00 00:00:00', '2017-01-20'),
(52, '616413256dd6e97ab25b8238822f59fb', 1, '10.0.0.66', '2017-01-20 10:04:14', '0000-00-00 00:00:00', '2017-01-20'),
(53, '96bb9c9691473f156632adc19a80cdfa', 1, '10.0.0.66', '2017-01-20 10:13:15', '0000-00-00 00:00:00', '2017-01-20'),
(54, '96bb9c9691473f156632adc19a80cdfa', 1, '10.0.0.66', '2017-01-20 10:16:07', '0000-00-00 00:00:00', '2017-01-20'),
(55, '360cd888f8d3e29898625713dce0cd2c', 1, '10.0.0.68', '2017-01-20 10:28:41', '0000-00-00 00:00:00', '2017-01-20'),
(56, 'cd91cd74f50f2be821d8bd744032158a', 1, '10.0.0.66', '2017-01-23 04:37:01', '0000-00-00 00:00:00', '2017-01-23'),
(57, 'cd91cd74f50f2be821d8bd744032158a', 1, '10.0.0.66', '2017-01-23 04:41:11', '0000-00-00 00:00:00', '2017-01-23'),
(58, 'fa0111d2152295c1c30bfdb7549f3f2c', 1, '10.0.0.80', '2017-01-23 04:43:43', '0000-00-00 00:00:00', '2017-01-23'),
(59, '339891b4a46b3c2c3270696b410a7e33', 1, '10.0.0.80', '2017-01-23 04:49:51', '0000-00-00 00:00:00', '2017-01-23'),
(60, 'b4760f4228f8c400f02cb6b5ea73299f', 1, '10.0.0.80', '2017-01-23 05:24:51', '0000-00-00 00:00:00', '2017-01-23'),
(61, 'cef918f3c86aea52a020d42a11dcc7d0', 1, '10.0.0.80', '2017-01-23 05:25:53', '0000-00-00 00:00:00', '2017-01-23'),
(62, 'cac3ecca0b4f62064179a0924054d104', 1, '10.0.0.80', '2017-01-23 07:43:15', '0000-00-00 00:00:00', '2017-01-23'),
(63, '00390e7ffff3bd3d04ae83eab640fd14', 1, '10.0.0.80', '2017-01-23 08:00:45', '0000-00-00 00:00:00', '2017-01-23'),
(64, 'b556933961e1ee825ca43798ab6719b2', 1, '10.0.0.80', '2017-01-23 11:57:17', '0000-00-00 00:00:00', '2017-01-23'),
(65, 'f79437dea8d39b53c465b8326d0f5859', 1, '10.0.0.80', '2017-01-24 04:44:49', '0000-00-00 00:00:00', '2017-01-24'),
(66, '134a05589ace1d95c97a02f9b61a1418', 1, '10.0.0.80', '2017-01-24 09:43:21', '0000-00-00 00:00:00', '2017-01-24'),
(67, 'a73f8dee3783c4dad04a6b4bc1123c68', 1, '10.0.0.80', '2017-01-25 04:46:23', '0000-00-00 00:00:00', '2017-01-25'),
(68, '50d5e5ba180a098200a4ebbd5c20c28c', 1, '10.0.0.65', '2017-01-25 05:34:33', '0000-00-00 00:00:00', '2017-01-25'),
(69, 'f95aefacab20e47a7e28ca8042eaef08', 1, '10.0.0.80', '2017-01-27 04:35:36', '0000-00-00 00:00:00', '2017-01-27'),
(70, 'b75c58eddbd922e4f4d44c79bc37c17b', 1, '10.0.0.65', '2017-01-27 09:00:47', '0000-00-00 00:00:00', '2017-01-27'),
(71, '2be08a3d449ea0dbd7a9fbbb3cd2bfa7', 1, '10.0.0.80', '2017-01-27 09:02:07', '0000-00-00 00:00:00', '2017-01-27'),
(72, 'a4b755d179e22939544188ff88a1033f', 1, '10.0.0.80', '2017-01-27 12:07:07', '0000-00-00 00:00:00', '2017-01-27'),
(73, '307da316263ac0878a2ba58967fa9247', 1, '10.0.0.80', '2017-01-27 12:32:21', '0000-00-00 00:00:00', '2017-01-27'),
(74, '447861468801ab6e7f0d8e452d06e840', 1, '10.0.0.80', '2017-01-27 12:39:01', '0000-00-00 00:00:00', '2017-01-27'),
(75, '8376a1bc68de96c7d38b309b68e9f2d3', 1, '10.0.0.80', '2017-01-27 12:58:43', '0000-00-00 00:00:00', '2017-01-27'),
(76, '5d36613af66d019fdc3dd2b124b27d6b', 1, '10.0.0.80', '2017-01-27 13:14:08', '0000-00-00 00:00:00', '2017-01-27'),
(77, '6d2c1fedb01506d6ce6939d60c63fabc', 1, '10.0.0.80', '2017-01-30 04:55:42', '0000-00-00 00:00:00', '2017-01-30'),
(78, '2ee4804ee89f3d13fbc96adf539226ae', 1, '10.0.0.80', '2017-01-31 09:01:28', '0000-00-00 00:00:00', '2017-01-31'),
(79, '14660c45c08591ea30f5fee3d6ef2fd6', 1, '10.0.0.80', '2017-01-31 10:42:59', '0000-00-00 00:00:00', '2017-01-31'),
(80, '14660c45c08591ea30f5fee3d6ef2fd6', 1, '10.0.0.80', '2017-01-31 10:44:33', '0000-00-00 00:00:00', '2017-01-31'),
(81, 'a6f109fb349b7a60865668fb227ed4ae', 1, '10.0.0.80', '2017-01-31 11:37:47', '0000-00-00 00:00:00', '2017-01-31'),
(82, '2e8b36ee7c97e6858c46aee963718274', 1, '10.0.0.80', '2017-01-31 12:18:58', '0000-00-00 00:00:00', '2017-01-31'),
(83, '7384b90a28375f5176e8979c8c53b8d7', 1, '10.0.0.80', '2017-02-01 04:59:15', '0000-00-00 00:00:00', '2017-02-01'),
(84, 'a41dd78262807b30167de9cb0a5691ff', 1, '10.0.0.80', '2017-02-01 10:54:39', '0000-00-00 00:00:00', '2017-02-01'),
(85, '04079e7b434704a4cc9de70d7201bb85', 1, '10.0.0.80', '2017-02-02 04:58:14', '0000-00-00 00:00:00', '2017-02-02'),
(86, '34eabc87437f16cb2d77c01ae16e087a', 24, '10.0.0.80', '2017-02-02 05:01:49', '0000-00-00 00:00:00', '2017-02-02'),
(87, '7659819ac4a0688060d0481b016d0669', 25, '10.0.0.80', '2017-02-02 07:24:30', '0000-00-00 00:00:00', '2017-02-02'),
(88, 'e78ebd28f1621e506cbcce0f6e6153e7', 24, '10.0.0.80', '2017-02-02 11:10:20', '0000-00-00 00:00:00', '2017-02-02'),
(89, '1d62291c4d6581fd3df7adf7d4fed0f7', 24, '10.0.0.80', '2017-02-02 11:10:53', '0000-00-00 00:00:00', '2017-02-02'),
(90, '2d447186b82a4473ebd4719aa848bb66', 24, '10.0.0.80', '2017-02-02 11:39:22', '0000-00-00 00:00:00', '2017-02-02'),
(91, 'f0a9b27a4575322a89e7df4e28b15c66', 24, '10.0.0.80', '2017-02-02 12:19:15', '0000-00-00 00:00:00', '2017-02-02'),
(92, 'f0a9b27a4575322a89e7df4e28b15c66', 24, '10.0.0.80', '2017-02-02 12:21:28', '0000-00-00 00:00:00', '2017-02-02'),
(93, 'b0188938523964d7f5f8649e936a5cb6', 1, '10.0.0.80', '2017-02-02 12:23:10', '0000-00-00 00:00:00', '2017-02-02'),
(94, 'b0188938523964d7f5f8649e936a5cb6', 24, '10.0.0.80', '2017-02-02 12:23:20', '0000-00-00 00:00:00', '2017-02-02'),
(95, '05243bf1e235b4ab56ee8c9ee15f7743', 1, '10.0.0.80', '2017-02-02 13:14:38', '0000-00-00 00:00:00', '2017-02-02'),
(96, '38168f065619d89109c9f04806ffaa53', 1, '10.0.0.80', '2017-02-03 04:48:17', '0000-00-00 00:00:00', '2017-02-03'),
(97, '8d3a47a0c906cb9abb48b2a36e74c696', 1, '10.0.0.80', '2017-02-03 12:46:53', '0000-00-00 00:00:00', '2017-02-03'),
(98, '343936cdff874d939f2a8bd9b1436f34', 1, '10.0.0.80', '2017-02-06 04:51:18', '0000-00-00 00:00:00', '2017-02-06'),
(99, '4c4c0c809a6da4dc366e8465fc8970d4', 24, '10.0.0.80', '2017-02-06 04:58:47', '0000-00-00 00:00:00', '2017-02-06'),
(100, '5958fe0106daa28f076fde1b70c0bf00', 1, '10.0.0.80', '2017-02-06 05:49:59', '0000-00-00 00:00:00', '2017-02-06'),
(101, '1615c5c2e33840c5c0cd0582ec9e36e6', 24, '10.0.0.80', '2017-02-06 06:02:12', '0000-00-00 00:00:00', '2017-02-06'),
(102, '110832ea01b88756e69f8069ff654375', 1, '10.0.0.80', '2017-02-06 06:35:30', '0000-00-00 00:00:00', '2017-02-06'),
(103, 'df4040798827103c46f3922506b29cfd', 1, '10.0.0.80', '2017-02-06 11:22:20', '0000-00-00 00:00:00', '2017-02-06'),
(104, '564c03cd3c8a8da0baf73bf7a4233682', 1, '10.0.0.80', '2017-02-07 05:01:53', '0000-00-00 00:00:00', '2017-02-07'),
(105, '0b0adeaecce6aa2d0d4a0c042c6738c4', 1, '10.0.0.80', '2017-02-08 04:52:37', '0000-00-00 00:00:00', '2017-02-08'),
(106, '617df490127dbb2406c70b618f6a052d', 1, '10.0.0.80', '2017-02-09 09:58:40', '0000-00-00 00:00:00', '2017-02-09'),
(107, '1e87a50873d10b6e8bd64823bd72bcf2', 1, '10.0.0.80', '2017-02-10 05:07:15', '0000-00-00 00:00:00', '2017-02-10'),
(108, '425f1c00a65a2aa30fb542055cd1a245', 1, '10.0.0.80', '2017-02-13 05:12:22', '0000-00-00 00:00:00', '2017-02-13'),
(109, '2045ef82ac01e2749ae9c1c50d82722c', 1, '10.0.0.127', '2017-02-13 05:41:13', '0000-00-00 00:00:00', '2017-02-13'),
(110, '2e39e2f92b3a758a2214b64bd52e673e', 1, '10.0.0.80', '2017-02-13 06:41:41', '0000-00-00 00:00:00', '2017-02-13'),
(111, 'a3170f29a9892cb70419d1ae86f90766', 1, '10.0.0.80', '2017-02-13 09:10:05', '0000-00-00 00:00:00', '2017-02-13'),
(112, 'c69e054df97b05f73df3989ae9d449e6', 1, '10.0.0.80', '2017-02-13 10:03:46', '0000-00-00 00:00:00', '2017-02-13'),
(113, '762c0b32cd8adda680f3753415cb8b36', 1, '10.0.0.80', '2017-02-13 12:18:59', '0000-00-00 00:00:00', '2017-02-13'),
(114, 'a8219c41feeb5ddfbd4ec490cb32d02f', 1, '10.0.0.127', '2017-02-14 04:08:49', '0000-00-00 00:00:00', '2017-02-14'),
(115, '52a4d62af8c706f45f49ca72db41fb91', 1, '10.0.0.80', '2017-02-14 06:24:39', '0000-00-00 00:00:00', '2017-02-14'),
(116, 'cf920165d77ed7f0b1f8452f3f984737', 1, '10.0.0.80', '2017-02-14 12:10:29', '0000-00-00 00:00:00', '2017-02-14'),
(117, 'e4f62f0493050cd99ca1d511566b8d4d', 1, '10.0.0.127', '2017-02-15 03:57:29', '0000-00-00 00:00:00', '2017-02-15'),
(118, '919a22bb87fefe315251e3e08a7bf19b', 1, '10.0.0.80', '2017-02-15 04:54:31', '0000-00-00 00:00:00', '2017-02-15'),
(119, '1f28c06a202b1c2ebdfcde82c608a2e5', 1, '10.0.0.80', '2017-02-15 08:40:01', '0000-00-00 00:00:00', '2017-02-15'),
(120, '90f92c7951865744b05a65ddc4122ab7', 1, '10.0.0.127', '2017-02-16 03:56:03', '0000-00-00 00:00:00', '2017-02-16'),
(121, 'c7dfd8fe32175779242687598899f871', 1, '10.0.0.80', '2017-02-16 07:53:17', '0000-00-00 00:00:00', '2017-02-16'),
(122, '71ea3d2210e134873806ff1605a698a6', 1, '10.0.0.127', '2017-02-17 04:00:47', '0000-00-00 00:00:00', '2017-02-17'),
(123, 'cac1d23668471e07f2da7d3571854e30', 1, '10.0.0.80', '2017-02-17 05:56:32', '0000-00-00 00:00:00', '2017-02-17'),
(124, 'c9121e9a7f8354b5382bd93a8a396586', 1, '10.0.0.127', '2017-02-20 04:01:45', '0000-00-00 00:00:00', '2017-02-20'),
(125, '00d13cf194b8325d06baa237ae4cf94f', 1, '10.0.0.80', '2017-02-20 05:07:06', '0000-00-00 00:00:00', '2017-02-20'),
(126, '7121df4e8fe72fd282175437c2a82d2c', 1, '10.0.0.127', '2017-02-21 04:19:10', '0000-00-00 00:00:00', '2017-02-21'),
(127, '2ca89a18f9f432c4de1f8d6f7495c809', 1, '10.0.0.80', '2017-02-21 04:54:13', '0000-00-00 00:00:00', '2017-02-21'),
(128, '9a1e79438567faf157b1ef7d84a8f763', 1, '10.0.0.127', '2017-02-21 05:09:16', '0000-00-00 00:00:00', '2017-02-21'),
(129, '7a972255e7b4b0adfea060a75c17b88d', 1, '10.0.0.127', '2017-02-21 05:10:16', '0000-00-00 00:00:00', '2017-02-21'),
(130, 'cca613684f1a7b78d91374e510a31ccc', 1, '10.0.0.80', '2017-02-21 11:59:17', '0000-00-00 00:00:00', '2017-02-21'),
(131, 'f44b017c5937aa75b719dd98ae934b07', 1, '10.0.0.80', '2017-02-21 12:04:31', '0000-00-00 00:00:00', '2017-02-21'),
(132, '88dc85dd41ff5b49d5cf813defa17139', 1, '10.0.0.80', '2017-02-21 12:14:41', '0000-00-00 00:00:00', '2017-02-21'),
(133, '59af161257ed6bf122d6abd74795eb67', 1, '10.0.0.80', '2017-02-21 12:18:30', '0000-00-00 00:00:00', '2017-02-21'),
(134, '00235faf3fe502acc9f7d656c29a7b7d', 1, '10.0.0.80', '2017-02-21 12:25:48', '0000-00-00 00:00:00', '2017-02-21'),
(135, '51fce51c086388876c8c1333537363f8', 1, '10.0.0.127', '2017-02-22 04:20:41', '0000-00-00 00:00:00', '2017-02-22'),
(136, '51e59457d4a2193b81774d49edef9d2a', 1, '10.0.0.127', '2017-02-22 04:22:09', '0000-00-00 00:00:00', '2017-02-22'),
(137, 'ee635bf43e38fc34cde98a23db98b3a7', 1, '10.0.0.80', '2017-02-22 05:04:43', '0000-00-00 00:00:00', '2017-02-22'),
(138, '5aa0c431bf16205b2510d2c25e1bd351', 1, '10.0.0.127', '2017-02-22 14:18:13', '0000-00-00 00:00:00', '2017-02-22'),
(139, '4389590629919cecebe7765bd65b9ee4', 1, '10.0.0.127', '2017-02-23 04:01:37', '0000-00-00 00:00:00', '2017-02-23'),
(140, '454f11ff74e91a93220c759937101dce', 1, '10.0.0.127', '2017-02-23 04:14:46', '0000-00-00 00:00:00', '2017-02-23'),
(141, '49ce97aa0dab7b9dceddfa77230d317d', 1, '10.0.0.80', '2017-02-23 05:37:03', '0000-00-00 00:00:00', '2017-02-23'),
(142, '812b73f3e58b00db01136897e16f30c1', 1, '10.0.0.80', '2017-02-23 10:22:30', '0000-00-00 00:00:00', '2017-02-23'),
(143, 'e8cf4a283ec6dcb4a4798354c7fff399', 1, '10.0.0.127', '2017-02-24 04:06:36', '0000-00-00 00:00:00', '2017-02-24'),
(144, '7ab51e28aab895a5b8bf53d3466848ea', 1, '10.0.0.127', '2017-02-24 04:25:59', '0000-00-00 00:00:00', '2017-02-24'),
(145, 'd42c1a76b943ba16ced218413d0261ea', 1, '10.0.0.80', '2017-02-24 05:12:31', '0000-00-00 00:00:00', '2017-02-24'),
(146, '7c9e982ab158dbaf93325a695dfe75cd', 1, '10.0.0.80', '2017-02-24 05:19:19', '0000-00-00 00:00:00', '2017-02-24'),
(147, 'b15785b575e021f90e35d0c62e935c7d', 1, '10.0.0.127', '2017-02-24 09:07:06', '0000-00-00 00:00:00', '2017-02-24'),
(148, '2ee27869d7b5b98fbf98e46fedb880f4', 1, '10.0.0.127', '2017-02-24 10:38:10', '0000-00-00 00:00:00', '2017-02-24'),
(149, 'def210f79c15f339e239b2e0eb5577f1', 1, '10.0.0.127', '2017-02-24 11:37:40', '0000-00-00 00:00:00', '2017-02-24'),
(150, '9c9d00a6b6ba4b690403a5fb07f7ebe4', 1, '10.0.0.127', '2017-02-24 11:58:51', '0000-00-00 00:00:00', '2017-02-24'),
(151, '9c9d00a6b6ba4b690403a5fb07f7ebe4', 1, '10.0.0.127', '2017-02-24 11:58:55', '0000-00-00 00:00:00', '2017-02-24'),
(152, '6c38eb4b38665de9dd3216c905ca854b', 1, '10.0.0.80', '2017-02-24 13:07:51', '0000-00-00 00:00:00', '2017-02-24'),
(153, 'c3bda5d228ba3de36104140125767afa', 1, '10.0.0.127', '2017-02-27 04:07:48', '0000-00-00 00:00:00', '2017-02-27'),
(154, '04bbd90c26f00e0faea1310e3afd18f4', 1, '10.0.0.80', '2017-02-27 06:49:30', '0000-00-00 00:00:00', '2017-02-27'),
(155, 'd61d653fd0f1e3f82291d82a5d12bd83', 1, '10.0.0.127', '2017-02-27 09:16:52', '0000-00-00 00:00:00', '2017-02-27'),
(156, '19af89e7f092450ffc32db0a79728deb', 1, '10.0.0.80', '2017-02-27 10:10:54', '0000-00-00 00:00:00', '2017-02-27'),
(157, '19249851116f7622a8b1f1391e818696', 1, '10.0.0.80', '2017-02-27 10:34:28', '0000-00-00 00:00:00', '2017-02-27'),
(158, '19249851116f7622a8b1f1391e818696', 24, '10.0.0.80', '2017-02-27 10:35:07', '0000-00-00 00:00:00', '2017-02-27'),
(159, '916296b8f5e32805052ff0924b52200d', 24, '10.0.0.80', '2017-02-27 10:40:46', '0000-00-00 00:00:00', '2017-02-27'),
(160, '4996db39d240e02a9daf8d0a3082893d', 28, '10.0.0.127', '2017-02-27 11:37:00', '0000-00-00 00:00:00', '2017-02-27'),
(161, '9b9f789c706d2fdb5179a0365990a455', 1, '10.0.0.127', '2017-02-27 11:40:02', '0000-00-00 00:00:00', '2017-02-27'),
(162, '9b9f789c706d2fdb5179a0365990a455', 28, '10.0.0.127', '2017-02-27 11:40:47', '0000-00-00 00:00:00', '2017-02-27'),
(163, '9b9f789c706d2fdb5179a0365990a455', 28, '10.0.0.127', '2017-02-27 11:41:06', '0000-00-00 00:00:00', '2017-02-27'),
(164, '9b9f789c706d2fdb5179a0365990a455', 1, '10.0.0.127', '2017-02-27 11:41:18', '0000-00-00 00:00:00', '2017-02-27'),
(165, '9b9f789c706d2fdb5179a0365990a455', 28, '10.0.0.127', '2017-02-27 11:41:34', '0000-00-00 00:00:00', '2017-02-27'),
(166, '9b9f789c706d2fdb5179a0365990a455', 1, '10.0.0.127', '2017-02-27 11:43:18', '0000-00-00 00:00:00', '2017-02-27'),
(167, 'ca4341499ce61de187d647de4b23eb1f', 1, '10.0.0.80', '2017-02-27 12:15:56', '0000-00-00 00:00:00', '2017-02-27'),
(168, 'd6ba674c707ef02eb8a1a42d854168b6', 1, '10.0.0.127', '2017-02-28 04:08:22', '0000-00-00 00:00:00', '2017-02-28'),
(169, 'bce05cf3072ec49392adc234aa032a4c', 28, '10.0.0.127', '2017-02-28 09:49:39', '0000-00-00 00:00:00', '2017-02-28'),
(170, '8b0e014509a148cc2ed2411da27103e1', 28, '10.0.0.127', '2017-02-28 09:51:58', '0000-00-00 00:00:00', '2017-02-28'),
(171, '8b0e014509a148cc2ed2411da27103e1', 28, '10.0.0.127', '2017-02-28 09:53:28', '0000-00-00 00:00:00', '2017-02-28'),
(172, 'a4d5612628d020ba53f433afeaa31ff3', 28, '10.0.0.127', '2017-02-28 10:15:26', '0000-00-00 00:00:00', '2017-02-28'),
(173, '64bfc063afcec7fa3452bdafdfa4074d', 1, '10.0.0.127', '2017-02-28 10:17:32', '0000-00-00 00:00:00', '2017-02-28'),
(174, '64bfc063afcec7fa3452bdafdfa4074d', 1, '10.0.0.127', '2017-02-28 10:18:05', '0000-00-00 00:00:00', '2017-02-28'),
(175, '64bfc063afcec7fa3452bdafdfa4074d', 1, '10.0.0.127', '2017-02-28 10:18:49', '0000-00-00 00:00:00', '2017-02-28'),
(176, '64bfc063afcec7fa3452bdafdfa4074d', 1, '10.0.0.127', '2017-02-28 10:19:46', '0000-00-00 00:00:00', '2017-02-28'),
(177, '64bfc063afcec7fa3452bdafdfa4074d', 1, '10.0.0.127', '2017-02-28 10:20:17', '0000-00-00 00:00:00', '2017-02-28'),
(178, '61b85627835a605c54c8a10ce6a68313', 1, '10.0.0.127', '2017-02-28 11:33:53', '0000-00-00 00:00:00', '2017-02-28'),
(179, '068bb5462e8ba936d4b116ddee7759bb', 1, '10.0.0.127', '2017-03-01 04:18:34', '0000-00-00 00:00:00', '2017-03-01'),
(180, '50a75e5f9019f816b799b4e33ac9766d', 1, '10.0.0.127', '2017-03-01 06:54:22', '0000-00-00 00:00:00', '2017-03-01'),
(181, '50a75e5f9019f816b799b4e33ac9766d', 1, '10.0.0.127', '2017-03-01 06:55:02', '0000-00-00 00:00:00', '2017-03-01'),
(182, '53c32d33c20ca36f81909262344010bb', 1, '10.0.0.80', '2017-03-01 07:55:33', '0000-00-00 00:00:00', '2017-03-01'),
(183, '0a6e4df5688946d85411cf024a2e4754', 1, '10.0.0.127', '2017-03-02 05:32:33', '0000-00-00 00:00:00', '2017-03-02'),
(184, '278464d3b3ea17cc7c8d62ecf7af01f8', 1, '10.0.0.80', '2017-03-02 05:47:20', '0000-00-00 00:00:00', '2017-03-02'),
(185, 'c234c7dabd908af69b06df0fa297e238', 1, '10.0.0.80', '2017-03-02 09:48:16', '0000-00-00 00:00:00', '2017-03-02'),
(186, 'de60656e89d20b644c5c6430f39f2dda', 1, '10.0.0.80', '2017-03-02 10:58:47', '0000-00-00 00:00:00', '2017-03-02'),
(187, '17b065740771a865dc5ac4d71b885b46', 1, '10.0.0.127', '2017-03-03 04:24:00', '0000-00-00 00:00:00', '2017-03-03'),
(188, 'a6e8b5d5a12bf8e5054a3a50bdf1099e', 1, '10.0.0.127', '2017-03-03 08:51:32', '0000-00-00 00:00:00', '2017-03-03'),
(189, '1da6f29c624e4cee18be51e42f182ebc', 1, '10.0.0.80', '2017-03-06 04:44:55', '0000-00-00 00:00:00', '2017-03-06'),
(190, '9fd38833a4fb9fbb2ee9417d2de390e9', 1, '10.0.0.127', '2017-03-06 04:55:50', '0000-00-00 00:00:00', '2017-03-06'),
(191, 'e3ae92fc9daa9e11e53c17d00a61f2e4', 1, '10.0.0.127', '2017-03-06 07:33:05', '0000-00-00 00:00:00', '2017-03-06'),
(192, '81cbbe483a6f49a5fe38a956c766380b', 1, '10.0.0.127', '2017-03-06 10:33:08', '0000-00-00 00:00:00', '2017-03-06'),
(193, '9f31bed19c35e74a33de7f9caffd4165', 1, '10.0.0.127', '2017-03-06 13:10:09', '0000-00-00 00:00:00', '2017-03-06'),
(194, '47f3fa5c9af9a86ef7fffa203e66f3bd', 1, '10.0.0.127', '2017-03-07 04:08:53', '0000-00-00 00:00:00', '2017-03-07'),
(195, '2dfe2544d08021d1d963af31c46b75b5', 1, '10.0.0.127', '2017-03-07 04:26:51', '0000-00-00 00:00:00', '2017-03-07'),
(196, '86376a2ea38faf201622b6c9fc0215c6', 1, '10.0.0.80', '2017-03-07 05:38:39', '0000-00-00 00:00:00', '2017-03-07'),
(197, '397cc0da531e0fa9434e9016a121808d', 1, '10.0.0.127', '2017-03-08 04:09:01', '0000-00-00 00:00:00', '2017-03-08'),
(198, '1cb2fbaef324272959d12a8b703c212d', 1, '10.0.0.127', '2017-03-08 04:11:33', '0000-00-00 00:00:00', '2017-03-08'),
(199, '2acd6c452e7a0dfb494f7938a5f5988a', 1, '10.0.0.127', '2017-03-08 04:17:22', '0000-00-00 00:00:00', '2017-03-08'),
(200, '2862261cd0833bacdc3eeafb02f04a2e', 1, '10.0.0.127', '2017-03-08 07:45:11', '0000-00-00 00:00:00', '2017-03-08'),
(201, '50422a3c45f00ba0b6346e2588219e2f', 1, '10.0.0.80', '2017-03-08 11:28:47', '0000-00-00 00:00:00', '2017-03-08'),
(202, 'ce5792be1997f2008f52228cdf908510', 1, '10.0.0.127', '2017-03-09 04:16:34', '0000-00-00 00:00:00', '2017-03-09'),
(203, '53911476a007905f898c50567ff3d780', 1, '10.0.0.127', '2017-03-09 11:28:24', '0000-00-00 00:00:00', '2017-03-09'),
(204, '1a3a77af20c3a564d14d3251b73d3dea', 1, '10.0.0.80', '2017-03-09 11:59:47', '0000-00-00 00:00:00', '2017-03-09'),
(205, 'baf0d461055008eea8d1af4868cd11d3', 1, '10.0.0.127', '2017-03-09 12:23:38', '0000-00-00 00:00:00', '2017-03-09'),
(206, '00427b7468f3141417137fda2082bda3', 1, '10.0.0.80', '2017-03-10 07:31:00', '0000-00-00 00:00:00', '2017-03-10'),
(207, '98a7530451f20e22b3b80d1b164e344b', 1, '10.0.0.80', '2017-03-10 11:39:57', '0000-00-00 00:00:00', '2017-03-10'),
(208, 'a8817ca13f01a12d88ad2996781ede65', 1, '10.0.0.80', '2017-03-14 04:30:58', '0000-00-00 00:00:00', '2017-03-14'),
(209, '4ee8c168b450c7dcfeaf8d084199ad8b', 1, '10.0.0.80', '2017-03-14 06:47:49', '0000-00-00 00:00:00', '2017-03-14'),
(210, 'b76c4a90fa7cb9c82607d1dcadca03c8', 1, '10.0.0.80', '2017-03-14 09:35:10', '0000-00-00 00:00:00', '2017-03-14'),
(211, '586a166cae9968aa0552c0469febb4fc', 1, '10.0.0.80', '2017-03-14 13:24:52', '0000-00-00 00:00:00', '2017-03-14'),
(212, '4b2b28e72e3e45c14a9b58d3a7538d2b', 1, '10.0.0.80', '2017-03-15 04:36:11', '0000-00-00 00:00:00', '2017-03-15'),
(213, '65e7d64d34127d6a7511503bfd8144b9', 1, '10.0.0.80', '2017-03-15 09:39:32', '0000-00-00 00:00:00', '2017-03-15'),
(214, '9a35ef04e44e793a23d9cab88366048b', 1, '10.0.0.127', '2017-03-16 04:28:03', '0000-00-00 00:00:00', '2017-03-16'),
(215, '6f457be36539e8301b496f5d580a0c1e', 1, '10.0.0.80', '2017-03-16 04:46:03', '0000-00-00 00:00:00', '2017-03-16'),
(216, 'b4e317fe5c115698d99aa3f80291933d', 1, '10.0.0.127', '2017-03-16 08:42:10', '0000-00-00 00:00:00', '2017-03-16'),
(217, '53c1af2f1ba299997441e58e43f78cc1', 1, '10.0.0.80', '2017-03-17 04:41:20', '0000-00-00 00:00:00', '2017-03-17'),
(218, '0073bb25a3e1033089be04a7601825b7', 1, '10.0.0.127', '2017-03-17 04:42:34', '0000-00-00 00:00:00', '2017-03-17'),
(219, '385b5782269d73fcf9168b4f047bfe19', 1, '10.0.0.127', '2017-03-17 12:22:56', '0000-00-00 00:00:00', '2017-03-17'),
(220, '26100d49259b81b076fce6527e9889d0', 1, '10.0.0.127', '2017-03-20 04:22:24', '0000-00-00 00:00:00', '2017-03-20'),
(221, 'e244c2c6372f51c53e676a7117acc042', 1, '10.0.0.127', '2017-03-20 05:01:03', '0000-00-00 00:00:00', '2017-03-20'),
(222, '543529134776351e19228da8b33626ee', 1, '10.0.0.68', '2017-03-20 07:50:15', '0000-00-00 00:00:00', '2017-03-20'),
(223, 'a4489ef84a00bcd4a9c741c00c524a18', 1, '10.0.0.127', '2017-03-20 08:41:20', '0000-00-00 00:00:00', '2017-03-20'),
(224, 'dab0e2a8fd6363ce54016fff1c5004ed', 1, '10.0.0.68', '2017-03-20 08:41:53', '0000-00-00 00:00:00', '2017-03-20'),
(225, '561d53e61461206415cea482c0d01ec3', 1, '10.0.0.68', '2017-03-20 08:49:43', '0000-00-00 00:00:00', '2017-03-20'),
(226, '143c0d9f59115c9e87cd8227051055ea', 1, '10.0.0.68', '2017-03-20 08:54:24', '0000-00-00 00:00:00', '2017-03-20'),
(227, 'da2a5dc66baf6d358d499fb6ecbb6216', 1, '10.0.0.68', '2017-03-20 09:05:51', '0000-00-00 00:00:00', '2017-03-20'),
(228, 'da2a5dc66baf6d358d499fb6ecbb6216', 1, '10.0.0.68', '2017-03-20 09:05:57', '0000-00-00 00:00:00', '2017-03-20'),
(229, 'da2a5dc66baf6d358d499fb6ecbb6216', 1, '10.0.0.68', '2017-03-20 09:06:20', '0000-00-00 00:00:00', '2017-03-20'),
(230, '833a30d09fece4008e19a25897930dc2', 1, '10.0.0.80', '2017-03-20 09:21:51', '0000-00-00 00:00:00', '2017-03-20'),
(231, 'ddac8f1f5175f611dcc31f3f4555132b', 1, '10.0.0.80', '2017-03-20 10:50:30', '0000-00-00 00:00:00', '2017-03-20'),
(232, 'ddac8f1f5175f611dcc31f3f4555132b', 1, '10.0.0.80', '2017-03-20 10:51:01', '0000-00-00 00:00:00', '2017-03-20'),
(233, 'ddac8f1f5175f611dcc31f3f4555132b', 1, '10.0.0.80', '2017-03-20 10:51:35', '0000-00-00 00:00:00', '2017-03-20'),
(234, 'be26519c308f3c46a3f89b36e64fe0db', 1, '10.0.0.68', '2017-03-20 11:50:50', '0000-00-00 00:00:00', '2017-03-20'),
(235, '060b0b505a03bcec7679796078875658', 1, '10.0.0.80', '2017-03-21 11:26:07', '0000-00-00 00:00:00', '2017-03-21'),
(236, '009e3e4500acce5e2c30d3b82216cd9f', 1, '10.0.0.65', '2017-03-21 13:25:24', '0000-00-00 00:00:00', '2017-03-21'),
(237, 'dba109b374798ee73e03c77901e4d698', 1, '10.0.0.80', '2017-03-22 05:15:57', '0000-00-00 00:00:00', '2017-03-22'),
(238, 'd3d15c46ba80f72cadb95dedb35e10e4', 1, '10.0.0.80', '2017-03-22 07:48:16', '0000-00-00 00:00:00', '2017-03-22'),
(239, 'ddbead6035b7e6f3648649cef269a9e8', 1, '10.0.0.127', '2017-03-23 04:40:16', '0000-00-00 00:00:00', '2017-03-23'),
(240, '257f94e708587caf1133431bb93d74df', 1, '10.0.0.68', '2017-03-23 08:01:21', '0000-00-00 00:00:00', '2017-03-23'),
(241, '257f94e708587caf1133431bb93d74df', 31, '10.0.0.68', '2017-03-23 08:03:36', '0000-00-00 00:00:00', '2017-03-23'),
(242, '257f94e708587caf1133431bb93d74df', 1, '10.0.0.68', '2017-03-23 08:04:02', '0000-00-00 00:00:00', '2017-03-23'),
(243, '125f4ab9787ce7164010f45aa278885c', 1, '10.0.0.80', '2017-03-23 08:42:37', '0000-00-00 00:00:00', '2017-03-23'),
(244, '946861f62737b14c8e2660494dec0c88', 1, '10.0.0.127', '2017-03-23 08:56:03', '0000-00-00 00:00:00', '2017-03-23'),
(245, 'e1ad71df903c3616fe29fa273635cf2b', 1, '10.0.0.127', '2017-03-23 12:22:02', '0000-00-00 00:00:00', '2017-03-23'),
(246, '1e1f6468296745d37591e2d215f3731e', 1, '10.0.0.80', '2017-03-23 12:44:57', '0000-00-00 00:00:00', '2017-03-23'),
(247, '72a0f72d1812d344143a2427c1197e74', 1, '10.0.0.68', '2017-03-23 13:45:01', '0000-00-00 00:00:00', '2017-03-23'),
(248, 'a7e3e6a3584355056beadc359ead6d8e', 1, '10.0.0.127', '2017-03-24 04:36:50', '0000-00-00 00:00:00', '2017-03-24'),
(249, '144b50e3742f60f25cda7976d83c13e2', 1, '10.0.0.80', '2017-03-24 05:58:01', '0000-00-00 00:00:00', '2017-03-24'),
(250, '5b242b50727545ae2bd06080bd1e66c2', 1, '10.0.0.127', '2017-03-24 07:23:10', '0000-00-00 00:00:00', '2017-03-24'),
(251, '2e5ed98d4a7ef38eaf5531b59f1d37b7', 1, '10.0.0.80', '2017-03-24 09:41:03', '0000-00-00 00:00:00', '2017-03-24'),
(252, '63b1c299478450a8d66ad162dafd3137', 1, '10.0.0.127', '2017-03-24 12:39:48', '0000-00-00 00:00:00', '2017-03-24'),
(253, 'e027e5e130b923e69e8da5af7fccbce3', 1, '10.0.0.68', '2017-03-24 13:29:58', '0000-00-00 00:00:00', '2017-03-24'),
(254, 'f93d10e0c8fee49d35d7da24b34522c2', 1, '10.0.0.127', '2017-03-27 05:41:06', '0000-00-00 00:00:00', '2017-03-27'),
(255, '39f14940f870c8c9a1ba73ba57504380', 1, '10.0.0.68', '2017-03-27 11:59:59', '0000-00-00 00:00:00', '2017-03-27'),
(256, 'f19627b107127277425a4b8ea6bbe934', 1, '10.0.0.127', '2017-03-28 11:46:30', '0000-00-00 00:00:00', '2017-03-28');

-- --------------------------------------------------------

--
-- Table structure for table `ld_system_config`
--

DROP TABLE IF EXISTS `ld_system_config`;
CREATE TABLE IF NOT EXISTS `ld_system_config` (
  `id` int(11) NOT NULL AUTO_INCREMENT,
  `systemName` varchar(250) NOT NULL,
  `systemVal` text NOT NULL,
  PRIMARY KEY (`id`)
) ENGINE=InnoDB  DEFAULT CHARSET=utf8 AUTO_INCREMENT=8 ;

--
-- Dumping data for table `ld_system_config`
--

INSERT INTO `ld_system_config` (`id`, `systemName`, `systemVal`) VALUES
(2, 'SITE_NAME', 'Logistic'),
(3, 'SITE_EMAIL', 'corephp0@gmail.com'),
(4, 'EMAIL_US', 'sean@sparxitsolutions.com'),
(5, 'TIMEZONE', 'Asia/Kolkata'),
(6, 'SHIFT_START_TIME', '7:00 AM'),
(7, 'SHIFT_END_TIME', '5:00 PM');

-- --------------------------------------------------------

--
-- Table structure for table `ld_timesheet`
--

DROP TABLE IF EXISTS `ld_timesheet`;
CREATE TABLE IF NOT EXISTS `ld_timesheet` (
  `id` int(11) unsigned NOT NULL AUTO_INCREMENT,
  `entry_date` date NOT NULL,
  `in_time` time NOT NULL,
  `out_time` time NOT NULL,
  `emp_id` int(11) unsigned NOT NULL,
  `remarks` text NOT NULL,
  `ut` timestamp NOT NULL DEFAULT CURRENT_TIMESTAMP,
  `total_hours` time NOT NULL,
  `extra_hour` time NOT NULL DEFAULT '00:00:00',
  `deleted_at` timestamp NULL DEFAULT NULL,
  PRIMARY KEY (`id`)
) ENGINE=InnoDB  DEFAULT CHARSET=utf8 AUTO_INCREMENT=3 ;

--
-- Dumping data for table `ld_timesheet`
--

INSERT INTO `ld_timesheet` (`id`, `entry_date`, `in_time`, `out_time`, `emp_id`, `remarks`, `ut`, `total_hours`, `extra_hour`, `deleted_at`) VALUES
(1, '2017-03-01', '09:00:00', '18:00:00', 1, '', '2017-03-01 07:31:25', '09:00:00', '00:00:00', NULL),
(2, '2017-03-02', '09:00:00', '18:00:00', 1, '', '2017-03-01 07:32:49', '09:00:00', '00:00:00', '2017-03-16 07:38:35');

-- --------------------------------------------------------

--
-- Table structure for table `ld_timezones`
--

DROP TABLE IF EXISTS `ld_timezones`;
CREATE TABLE IF NOT EXISTS `ld_timezones` (
  `id` tinyint(4) unsigned NOT NULL AUTO_INCREMENT,
  `timezone` varchar(50) NOT NULL,
  `display_name` varchar(100) NOT NULL,
  `offset` varchar(50) NOT NULL,
  PRIMARY KEY (`id`)
) ENGINE=InnoDB  DEFAULT CHARSET=utf8 AUTO_INCREMENT=113 ;

--
-- Dumping data for table `ld_timezones`
--

INSERT INTO `ld_timezones` (`id`, `timezone`, `display_name`, `offset`) VALUES
(1, 'Pacific/Midway', '(GMT-11:00) Midway Island', 'GMT-11:00'),
(2, 'US/Samoa', '(GMT-11:00) Samoa', 'GMT-11:00'),
(3, 'US/Hawaii', '(GMT-10:00) Hawaii', 'GMT-10:00'),
(4, 'US/Alaska', '(GMT-09:00) Alaska', 'GMT-09:00'),
(5, 'US/Pacific', '(GMT-08:00) Pacific Time (US &amp; Canada)', 'GMT-08:00'),
(6, 'America/Tijuana', '(GMT-08:00) Tijuana', 'GMT-08:00'),
(7, 'US/Arizona', '(GMT-07:00) Arizona', 'GMT-07:00'),
(8, 'US/Mountain', '(GMT-07:00) Mountain Time (US &amp; Canada)', 'GMT-07:00'),
(9, 'America/Chihuahua', '(GMT-07:00) Chihuahua', 'GMT-07:00'),
(10, 'America/Mazatlan', '(GMT-07:00) Mazatlan', 'GMT-07:00'),
(11, 'America/Mexico_City', '(GMT-06:00) Mexico City', 'GMT-06:00'),
(12, 'America/Monterrey', '(GMT-06:00) Monterrey', 'GMT-06:00'),
(13, 'Canada/Saskatchewan', '(GMT-06:00) Saskatchewan', 'GMT-06:00'),
(14, 'US/Central', '(GMT-06:00) Central Time (US &amp; Canada)', 'GMT-06:00'),
(15, 'US/Eastern', '(GMT-05:00) Eastern Time (US &amp; Canada)', 'GMT-05:00'),
(16, 'US/East-Indiana', '(GMT-05:00) Indiana (East)', 'GMT-05:00'),
(17, 'America/Bogota', '(GMT-05:00) Bogota', 'GMT-05:00'),
(18, 'America/Lima', '(GMT-05:00) Lima', 'GMT-05:00'),
(19, 'America/Caracas', '(GMT-04:30) Caracas', 'GMT-04:30'),
(20, 'Canada/Atlantic', '(GMT-04:00) Atlantic Time (Canada)', 'GMT-04:00'),
(21, 'America/La_Paz', '(GMT-04:00) La Paz', 'GMT-04:00'),
(22, 'America/Santiago', '(GMT-04:00) Santiago', 'GMT-04:00'),
(23, 'Canada/Newfoundland', '(GMT-03:30) Newfoundland', 'GMT-03:30'),
(24, 'America/Buenos_Aires', '(GMT-03:00) Buenos Aires', 'GMT-03:00'),
(25, 'Greenland', '(GMT-03:00) Greenland', 'GMT-03:00'),
(26, 'Atlantic/Stanley', '(GMT-02:00) Stanley', 'GMT-02:00'),
(27, 'Atlantic/Azores', '(GMT-01:00) Azores', 'GMT-01:00'),
(28, 'Atlantic/Cape_Verde', '(GMT-01:00) Cape Verde Is.', 'GMT-01:00'),
(29, 'Africa/Casablanca', '(GMT) Casablanca', 'GMT'),
(30, 'Europe/Dublin', '(GMT) Dublin', 'GMT'),
(31, 'Europe/Lisbon', '(GMT) Lisbon', 'GMT'),
(32, 'Europe/London', '(GMT) London', 'GMT'),
(33, 'Africa/Monrovia', '(GMT) Monrovia', 'GMT'),
(34, 'Europe/Amsterdam', '(GMT+01:00) Amsterdam', 'GMT+01:00'),
(35, 'Europe/Belgrade', '(GMT+01:00) Belgrade', 'GMT+01:00'),
(36, 'Europe/Berlin', '(GMT+01:00) Berlin', 'GMT+01:00'),
(37, 'Europe/Bratislava', '(GMT+01:00) Bratislava', 'GMT+01:00'),
(38, 'Europe/Brussels', '(GMT+01:00) Brussels', 'GMT+01:00'),
(39, 'Europe/Budapest', '(GMT+01:00) Budapest', 'GMT+01:00'),
(40, 'Europe/Copenhagen', '(GMT+01:00) Copenhagen', 'GMT+01:00'),
(41, 'Europe/Ljubljana', '(GMT+01:00) Ljubljana', 'GMT+01:00'),
(42, 'Europe/Madrid', '(GMT+01:00) Madrid', 'GMT+01:00'),
(43, 'Europe/Paris', '(GMT+01:00) Paris', 'GMT+01:00'),
(44, 'Europe/Prague', '(GMT+01:00) Prague', 'GMT+01:00'),
(45, 'Europe/Rome', '(GMT+01:00) Rome', 'GMT+01:00'),
(46, 'Europe/Sarajevo', '(GMT+01:00) Sarajevo', 'GMT+01:00'),
(47, 'Europe/Skopje', '(GMT+01:00) Skopje', 'GMT+01:00'),
(48, 'Europe/Stockholm', '(GMT+01:00) Stockholm', 'GMT+01:00'),
(49, 'Europe/Vienna', '(GMT+01:00) Vienna', 'GMT+01:00'),
(50, 'Europe/Warsaw', '(GMT+01:00) Warsaw', 'GMT+01:00'),
(51, 'Europe/Zagreb', '(GMT+01:00) Zagreb', 'GMT+01:00'),
(52, 'Europe/Athens', '(GMT+02:00) Athens', 'GMT+02:00'),
(53, 'Europe/Bucharest', '(GMT+02:00) Bucharest', 'GMT+02:00'),
(54, 'Africa/Cairo', '(GMT+02:00) Cairo', 'GMT+02:00'),
(55, 'Africa/Harare', '(GMT+02:00) Harare', 'GMT+02:00'),
(56, 'Europe/Helsinki', '(GMT+02:00) Helsinki', 'GMT+02:00'),
(57, 'Europe/Istanbul', '(GMT+02:00) Istanbul', 'GMT+02:00'),
(58, 'Asia/Jerusalem', '(GMT+02:00) Jerusalem', 'GMT+02:00'),
(59, 'Europe/Kiev', '(GMT+02:00) Kyiv', 'GMT+02:00'),
(60, 'Europe/Minsk', '(GMT+02:00) Minsk', 'GMT+02:00'),
(61, 'Europe/Riga', '(GMT+02:00) Riga', 'GMT+02:00'),
(62, 'Europe/Sofia', '(GMT+02:00) Sofia', 'GMT+02:00'),
(63, 'Europe/Tallinn', '(GMT+02:00) Tallinn', 'GMT+02:00'),
(64, 'Europe/Vilnius', '(GMT+02:00) Vilnius', 'GMT+02:00'),
(65, 'Asia/Baghdad', '(GMT+03:00) Baghdad', 'GMT+03:00'),
(66, 'Asia/Kuwait', '(GMT+03:00) Kuwait', 'GMT+03:00'),
(67, 'Africa/Nairobi', '(GMT+03:00) Nairobi', 'GMT+03:00'),
(68, 'Asia/Riyadh', '(GMT+03:00) Riyadh', 'GMT+03:00'),
(69, 'Europe/Moscow', '(GMT+03:00) Moscow', 'GMT+03:00'),
(70, 'Asia/Tehran', '(GMT+03:30) Tehran', 'GMT+03:30'),
(71, 'Asia/Baku', '(GMT+04:00) Baku', 'GMT+04:00'),
(72, 'Europe/Volgograd', '(GMT+04:00) Volgograd', 'GMT+04:00'),
(73, 'Asia/Muscat', '(GMT+04:00) Muscat', 'GMT+04:00'),
(74, 'Asia/Tbilisi', '(GMT+04:00) Tbilisi', 'GMT+04:00'),
(75, 'Asia/Yerevan', '(GMT+04:00) Yerevan', 'GMT+04:00'),
(76, 'Asia/Kabul', '(GMT+04:30) Kabul', 'GMT+04:30'),
(77, 'Asia/Karachi', '(GMT+05:00) Karachi', 'GMT+05:00'),
(78, 'Asia/Tashkent', '(GMT+05:00) Tashkent', 'GMT+05:00'),
(79, 'Asia/Kolkata', '(GMT+05:30) Kolkata', 'GMT+05:30'),
(80, 'Asia/Kathmandu', '(GMT+05:45) Kathmandu', 'GMT+05:45'),
(81, 'Asia/Yekaterinburg', '(GMT+06:00) Ekaterinburg', 'GMT+06:00'),
(82, 'Asia/Almaty', '(GMT+06:00) Almaty', 'GMT+06:00'),
(83, 'Asia/Dhaka', '(GMT+06:00) Dhaka', 'GMT+06:00'),
(84, 'Asia/Novosibirsk', '(GMT+07:00) Novosibirsk', 'GMT+07:00'),
(85, 'Asia/Bangkok', '(GMT+07:00) Bangkok', 'GMT+07:00'),
(86, 'Asia/Jakarta', '(GMT+07:00) Jakarta', 'GMT+07:00'),
(87, 'Asia/Krasnoyarsk', '(GMT+08:00) Krasnoyarsk', 'GMT+08:00'),
(88, 'Asia/Chongqing', '(GMT+08:00) Chongqing', 'GMT+08:00'),
(89, 'Asia/Hong_Kong', '(GMT+08:00) Hong Kong', 'GMT+08:00'),
(90, 'Asia/Kuala_Lumpur', '(GMT+08:00) Kuala Lumpur', 'GMT+08:00'),
(91, 'Australia/Perth', '(GMT+08:00) Perth', 'GMT+08:00'),
(92, 'Asia/Singapore', '(GMT+08:00) Singapore', 'GMT+08:00'),
(93, 'Asia/Taipei', '(GMT+08:00) Taipei', 'GMT+08:00'),
(94, 'Asia/Ulaanbaatar', '(GMT+08:00) Ulaan Bataar', 'GMT+08:00'),
(95, 'Asia/Urumqi', '(GMT+08:00) Urumqi', 'GMT+08:00'),
(96, 'Asia/Irkutsk', '(GMT+09:00) Irkutsk', 'GMT+09:00'),
(97, 'Asia/Seoul', '(GMT+09:00) Seoul', 'GMT+09:00'),
(98, 'Asia/Tokyo', '(GMT+09:00) Tokyo', 'GMT+09:00'),
(99, 'Australia/Adelaide', '(GMT+09:30) Adelaide', 'GMT+09:30'),
(100, 'Australia/Darwin', '(GMT+09:30) Darwin', 'GMT+09:30'),
(101, 'Asia/Yakutsk', '(GMT+10:00) Yakutsk', 'GMT+10:00'),
(102, 'Australia/Brisbane', '(GMT+10:00) Brisbane', 'GMT+10:00'),
(103, 'Australia/Canberra', '(GMT+10:00) Canberra', 'GMT+10:00'),
(104, 'Pacific/Guam', '(GMT+10:00) Guam', 'GMT+10:00'),
(105, 'Australia/Hobart', '(GMT+10:00) Hobart', 'GMT+10:00'),
(106, 'Australia/Melbourne', '(GMT+10:00) Melbourne', 'GMT+10:00'),
(107, 'Pacific/Port_Moresby', '(GMT+10:00) Port Moresby', 'GMT+10:00'),
(108, 'Australia/Sydney', '(GMT+10:00) Sydney', 'GMT+10:00'),
(109, 'Asia/Vladivostok', '(GMT+11:00) Vladivostok', 'GMT+11:00'),
(110, 'Asia/Magadan', '(GMT+12:00) Magadan', 'GMT+12:00'),
(111, 'Pacific/Auckland', '(GMT+12:00) Auckland', 'GMT+12:00'),
(112, 'Pacific/Fiji', '(GMT+12:00) Fiji', 'GMT+12:00');

-- --------------------------------------------------------

--
-- Table structure for table `ld_vehicles`
--

DROP TABLE IF EXISTS `ld_vehicles`;
CREATE TABLE IF NOT EXISTS `ld_vehicles` (
  `id` int(10) unsigned NOT NULL AUTO_INCREMENT,
  `regn_number` varchar(255) NOT NULL,
  `model` text NOT NULL,
  `status` enum('inactive','active') NOT NULL,
  `created_at` datetime NOT NULL,
  `added_by` int(10) unsigned NOT NULL,
  `updated_at` datetime NOT NULL,
  `deleted_at` timestamp NULL DEFAULT NULL,
  PRIMARY KEY (`id`)
) ENGINE=InnoDB  DEFAULT CHARSET=utf8 AUTO_INCREMENT=5 ;

--
-- Dumping data for table `ld_vehicles`
--

INSERT INTO `ld_vehicles` (`id`, `regn_number`, `model`, `status`, `created_at`, `added_by`, `updated_at`, `deleted_at`) VALUES
(1, 'VEHICLE-REGN-7', 'MODEL-G', 'active', '2017-03-01 07:22:59', 1, '2017-03-01 07:22:59', NULL),
(2, 'VEHICLE-REGN-8', 'MODEL-H', 'active', '2017-03-01 07:24:28', 1, '2017-03-01 07:25:02', NULL),
(3, 'VEHICLE-REGN-9', 'MODEL-G', 'active', '2017-03-06 08:59:16', 1, '2017-03-06 08:59:16', NULL),
(4, 'vehl123', 've-model', 'active', '2017-03-16 07:33:00', 1, '2017-03-16 07:33:00', '2017-03-16 07:34:06');

--
-- Constraints for dumped tables
--

--
-- Constraints for table `ld_permission_role`
--
ALTER TABLE `ld_permission_role`
  ADD CONSTRAINT `ld_permission_role_ibfk_2` FOREIGN KEY (`role_id`) REFERENCES `ld_roles` (`id`) ON DELETE CASCADE ON UPDATE CASCADE;

/*!40101 SET CHARACTER_SET_CLIENT=@OLD_CHARACTER_SET_CLIENT */;
/*!40101 SET CHARACTER_SET_RESULTS=@OLD_CHARACTER_SET_RESULTS */;
/*!40101 SET COLLATION_CONNECTION=@OLD_COLLATION_CONNECTION */;
